fecha,muestreo,idplot,zona,x,y,tipoplot,observadores,positiva,heces,huellas,hozadas,suphozadam2,habitat,cobsd,anysign_tot,anysign_yn,hozadas_yn,huellas_yn,heces_yn,id,soiltype_rev
10/2/2021,FEB 21,M01,NORTE,381534,6475427,EXTRA,AdM - AT,1,0,0,4,"0,819000005722046",SIOSEL_ARBUSTAL,5,4,1,1,0,0,M01,2
12/2/2022,FEB 22,M01,NORTE,381534,6475427,EXTRA,AF-RD,0,0,0,0,0,SIOSEL_ARBUSTAL,5,0,0,0,0,0,M01,2
3/8/2021,AGO 21,M01,NORTE,381534,6475427,EXTRA,AT-PAF-BD,1,0,6,0,0,SIOSEL_ARBUSTAL,5,6,1,0,1,0,M01,3
5/8/2022,AGO 22,M01,NORTE,381534,6475427,EXTRA,AdM-GC,0,0,0,0,0,SIOSEL_ARBUSTAL,0,0,0,0,0,0,M01,7
7/8/2021,AGO 21,M02,SUR,384107,6468913,EXTRA,AdM-SS-JA,1,4,0,12,"0,272000014781952",SIOSEL_ARBUSTAL,5,16,1,1,0,1,M02,3
9/2/2021,FEB 21,M02,SUR,384107,6468913,EXTRA,AdM - AT,1,1,0,3,"0,451999992132187",SIOSEL_ARBUSTAL,0,4,1,1,0,1,M02,7
19/2/2022,FEB 22,M02,SUR,384107,6468913,EXTRA,MP-AdM,1,0,0,13,"0,287999987602234",SIOSEL_ARBUSTAL,10,13,1,1,0,0,M02,7
11/8/2022,AGO 22,M02,SUR,384107,6468913,EXTRA,AdM-ER,1,0,1,7,"0,208000004291534",SIOSEL_ARBUSTAL,5,8,1,1,1,0,M02,7
19/2/2022,FEB 22,M03,SUR,384646,6468628,EXTRA,AF-RD-SRV,0,0,0,0,0,SIOSEL_ARBUSTAL,5,0,0,0,0,0,M03,7
7/8/2021,AGO 21,M03,SUR,384646,6468628,EXTRA,GN-CS-NM,1,1,0,1,"0,0860000029206276",SIOSEL_ARBUSTAL,0,2,1,1,0,1,M03,7
9/2/2021,FEB 21,M03,SUR,384646,6468628,EXTRA,AdM - AT,0,0,0,0,0,SIOSEL_ARBUSTAL,0,0,0,0,0,0,M03,7
11/8/2022,AGO 22,M03,SUR,384646,6468628,EXTRA,AT-SM,1,0,5,0,0,SIOSEL_ARBUSTAL,5,5,1,0,1,0,M03,7
11/8/2022,AGO 22,M04,SUR,382602,6468355,EXTRA,AT-RD,1,0,0,2,"0,157000005245209",SIOSEL_ARBUSTAL,5,2,1,1,0,0,M04,2
19/2/2022,FEB 22,M04,SUR,382602,6468355,EXTRA,MP-AdM,1,0,0,4,"0,370000004768372",SIOSEL_ARBUSTAL,5,4,1,1,0,0,M04,2
9/2/2021,FEB 21,M04,SUR,382602,6468355,EXTRA,FS - VL - RD,0,0,0,0,0,SIOSEL_ARBUSTAL,1,0,0,0,0,0,M04,2
7/8/2021,AGO 21,M04,SUR,382602,6468355,EXTRA,GN-CS-NM,1,1,0,0,0,SIOSEL_ARBUSTAL,0,1,1,0,0,1,M04,3
19/2/2022,FEB 22,M05,SUR,382276,6468253,EXTRA,MP-AdM,1,2,0,2,"0,136999994516373",SIOSEL_ARBUSTAL,5,4,1,1,0,1,M05,2
7/8/2021,AGO 21,M05,SUR,382276,6468253,EXTRA,AdM-SS-JA,1,1,3,1,"0,0219999998807907",SIOSEL_ARBUSTAL,10,5,1,1,1,1,M05,3
11/8/2022,AGO 22,M05,SUR,382276,6468253,EXTRA,AdM-ER,1,0,2,0,0,SIOSEL_ARBUSTAL,10,2,1,0,1,0,M05,3
9/2/2021,FEB 21,M05,SUR,382276,6468253,EXTRA,FS - VL - RD,0,0,0,0,0,SIOSEL_ARBUSTAL,5,0,0,0,0,0,M05,7
7/8/2021,AGO 21,M06,SUR,383049,6468867,EXTRA,GN-CS-NM,1,2,0,1,"0,0540000014007092",SIOSEL_ARBUSTAL,0,3,1,1,0,1,M06,2
19/2/2022,FEB 22,M06,SUR,383049,6468867,EXTRA,AF-RD-SRV,0,0,0,0,0,SIOSEL_ARBUSTAL,0,0,0,0,0,0,M06,2
9/2/2021,FEB 21,M06,SUR,383049,6468867,EXTRA,NM - GN ,1,0,1,0,0,SIOSEL_ARBUSTAL,1,1,1,0,1,0,M06,2
11/8/2022,AGO 22,M06,SUR,383049,6468867,EXTRA,AT-SM,1,0,47,2,"0,0120000001043081",SIOSEL_ARBUSTAL,35,49,1,1,1,0,M06,4
29/1/2021,FEB 21,N01,NORTE,"385264,8125",6476704,PRIMARIA,AdM - AT - FS - RD,1,1,0,1,"0,0399999991059303",SIOSEL_ARBUSTAL,0,2,1,1,0,1,N01,2
4/2/2020,FEB 20,N01,NORTE,"385264,8125",6476704,PRIMARIA,GN-AF,0,0,0,0,0,SIOSEL_ARBUSTAL,0,0,0,0,0,0,N01,2
5/8/2022,AGO 22,N01,NORTE,"385264,8125",6476704,PRIMARIA,AdM-GC,1,4,0,1,"0,025000000372529",SIOSEL_ARBUSTAL,5,5,1,1,0,1,N01,7
10/2/2022,FEB 22,N01,NORTE,"385264,8125",6476704,PRIMARIA,MP-AdM,1,1,0,1,"0,0219999998807907",SIOSEL_ARBUSTAL,10,2,1,1,0,1,N01,7
6/8/2021,AGO 21,N01,NORTE,"385264,8125",6476704,PRIMARIA,AdM-SS-JA,1,4,0,4,"1,50300002098084",SIOSEL_ARBUSTAL,5,8,1,1,0,1,N01,7
10/2/2022,FEB 22,N02,NORTE,"385189,8125",6476509,PRIMARIA,MP-AdM,0,0,0,0,0,BOSQUE_PASTIZAL,10,0,0,0,0,0,N02,2
5/8/2022,AGO 22,N02,NORTE,"385189,8125",6476509,PRIMARIA,AdM-GC,1,0,0,3,"0,0410000011324883",BOSQUE_PASTIZAL,5,3,1,1,0,0,N02,3
4/2/2020,FEB 20,N02,NORTE,"385189,8125",6476509,PRIMARIA,GN-AF,0,0,0,0,0,BOSQUE_PASTIZAL,60,0,0,0,0,0,N02,2
29/1/2021,FEB 21,N02,NORTE,"385189,8125",6476509,PRIMARIA,AdM - AT - FS - RD,1,0,0,2,"0,224999994039536",BOSQUE_PASTIZAL,30,2,1,1,0,0,N02,7
6/8/2021,AGO 21,N02,NORTE,"385189,8125",6476509,PRIMARIA,AdM-SS-JA,1,0,0,29,"19,9489994049072",BOSQUE_PASTIZAL,20,29,1,1,0,0,N02,7
5/8/2022,AGO 22,N03,NORTE,"386434,8125",6476254,PRIMARIA,AdM-GC,1,0,0,1,"0,0700000002980232",BOSQUE_SUELODESNUDO,0,1,1,1,0,0,N03,3
4/2/2020,FEB 20,N03,NORTE,"386434,8125",6476254,PRIMARIA,GN-AF,0,0,0,0,0,BOSQUE_SUELODESNUDO,100,0,0,0,0,0,N03,3
6/8/2021,AGO 21,N03,NORTE,"386434,8125",6476254,PRIMARIA,AdM-SS-JA,1,0,0,8,"0,388000011444092",BOSQUE_SUELODESNUDO,5,8,1,1,0,0,N03,7
29/1/2021,FEB 21,N03,NORTE,"386434,8125",6476254,PRIMARIA,AdM - AT - FS - RD,1,2,0,0,0,BOSQUE_SUELODESNUDO,100,2,1,0,0,1,N03,7
10/2/2022,FEB 22,N03,NORTE,"386434,8125",6476254,PRIMARIA,MP-AdM,0,0,0,0,0,BOSQUE_SUELODESNUDO,0,0,0,0,0,0,N03,7
10/2/2020,FEB 20,N04,NORTE,"386239,8125",6475474,PRIMARIA,GN-AF-SS,0,0,0,0,0,BOSQUE_SUELODESNUDO,100,0,0,0,0,0,N04,7
5/8/2022,AGO 22,N04,NORTE,"386239,8125",6475474,PRIMARIA,AT-ER-SM,1,3,12,0,0,BOSQUE_SUELODESNUDO,0,15,1,0,1,1,N04,7
29/1/2021,FEB 21,N04,NORTE,"386239,8125",6475474,PRIMARIA,AdM - AT - FS - RD,0,0,0,0,0,BOSQUE_SUELODESNUDO,100,0,0,0,0,0,N04,7
6/8/2021,AGO 21,N04,NORTE,"386239,8125",6475474,PRIMARIA,GN-CS-NM,1,1,0,0,0,BOSQUE_SUELODESNUDO,90,1,1,0,0,1,N04,7
10/2/2022,FEB 22,N04,NORTE,"386239,8125",6475474,PRIMARIA,AF-RD,0,0,0,0,0,BOSQUE_SUELODESNUDO,100,0,0,0,0,0,N04,7
8/2/2020,FEB 20,N05,NORTE,"381094,8125",6475444,PRIMARIA,GN-AF-IR-SS,0,0,0,0,0,SIOSEL_PAJONAL,0,0,0,0,0,0,N05,3
12/2/2022,FEB 22,N05,NORTE,"381094,8125",6475444,PRIMARIA,AF-RD,0,0,0,0,0,SIOSEL_PAJONAL,0,0,0,0,0,0,N05,2
5/8/2022,AGO 22,N05,NORTE,"381094,8125",6475444,PRIMARIA,AT-ER-SM,1,1,1,1,0,SIOSEL_PAJONAL,10,3,1,1,1,1,N05,3
3/8/2021,AGO 21,N05,NORTE,"381094,8125",6475444,PRIMARIA,AT-PAF-BD,1,0,4,2,"0,090999998152256",SIOSEL_PAJONAL,5,6,1,1,1,0,N05,3
31/1/2021,FEB 21,N05,NORTE,"381094,8125",6475444,PRIMARIA,NM - GN - BD - BH,0,0,0,0,0,SIOSEL_PAJONAL,0,0,0,0,0,0,N05,7
5/8/2022,AGO 22,N06,NORTE,"386089,8125",6475339,PRIMARIA,AT-ER-SM,1,0,31,0,0,BOSQUE_SUELODESNUDO,70,31,1,0,1,0,N06,3
4/2/2020,FEB 20,N06,NORTE,"386089,8125",6475339,PRIMARIA,AdM-PAF,0,0,0,0,0,BOSQUE_SUELODESNUDO,80,0,0,0,0,0,N06,3
29/1/2021,FEB 21,N06,NORTE,"386089,8125",6475339,PRIMARIA,AdM - AT - FS - RD,1,0,8,0,0,BOSQUE_SUELODESNUDO,100,8,1,0,1,0,N06,7
10/2/2022,FEB 22,N06,NORTE,"386089,8125",6475339,PRIMARIA,AF-RD,0,0,0,0,0,BOSQUE_SUELODESNUDO,60,0,0,0,0,0,N06,7
6/8/2021,AGO 21,N06,NORTE,"386089,8125",6475339,PRIMARIA,GN-CS-NM,1,0,2,0,0,BOSQUE_SUELODESNUDO,90,2,1,0,1,0,N06,7
5/8/2022,AGO 22,N07,NORTE,"385219,8125",6475294,PRIMARIA,RD-SRV,1,0,5,0,0,BOSQUE_SUELODESNUDO,70,5,1,0,1,0,N07,3
4/2/2020,FEB 20,N07,NORTE,"385219,8125",6475294,PRIMARIA,AdM-PAF,0,0,0,0,0,BOSQUE_SUELODESNUDO,10,0,0,0,0,0,N07,3
10/2/2022,FEB 22,N07,NORTE,"385219,8125",6475294,PRIMARIA,GN-NP,0,0,0,0,0,BOSQUE_SUELODESNUDO,90,0,0,0,0,0,N07,7
29/1/2021,FEB 21,N07,NORTE,"385219,8125",6475294,PRIMARIA,NM - GN - BD - BH,1,0,1,0,0,BOSQUE_SUELODESNUDO,85,1,1,0,1,0,N07,7
6/8/2021,AGO 21,N07,NORTE,"385219,8125",6475294,PRIMARIA,AT-PAF-BD,1,1,6,4,"0,566999971866608",BOSQUE_SUELODESNUDO,65,11,1,1,1,1,N07,7
5/8/2022,AGO 22,N08,NORTE,"385489,8125",6475174,PRIMARIA,RD-SRV,1,0,51,0,0,BOSQUE_SUELODESNUDO,,51,1,0,1,0,N08,3
4/2/2020,FEB 20,N08,NORTE,"385489,8125",6475174,PRIMARIA,AdM-PAF,0,0,0,0,0,BOSQUE_SUELODESNUDO,60,0,0,0,0,0,N08,3
6/8/2021,AGO 21,N08,NORTE,"385489,8125",6475174,PRIMARIA,AT-PAF-BD,1,0,32,4,"0,202999994158745",BOSQUE_SUELODESNUDO,60,36,1,1,1,0,N08,7
29/1/2021,FEB 21,N08,NORTE,"385489,8125",6475174,PRIMARIA,NM - GN - BD - BH,1,0,3,0,0,BOSQUE_SUELODESNUDO,80,3,1,0,1,0,N08,7
10/2/2022,FEB 22,N08,NORTE,"385489,8125",6475174,PRIMARIA,GN-NP,1,4,0,0,0,BOSQUE_SUELODESNUDO,95,4,1,0,0,1,N08,7
5/8/2022,AGO 22,N09,NORTE,"386089,8125",6475069,PRIMARIA,AT-ER-SM,1,8,2,0,0,BOSQUE_SUELODESNUDO,0,10,1,0,1,1,N09,3
11/2/2020,FEB 20,N09,NORTE,"386089,8125",6475069,PRIMARIA,AdM-GR,0,0,0,0,0,BOSQUE_SUELODESNUDO,90,0,0,0,0,0,N09,3
10/2/2022,FEB 22,N09,NORTE,"386089,8125",6475069,PRIMARIA,AF-RD,0,0,0,0,0,BOSQUE_SUELODESNUDO,100,0,0,0,0,0,N09,7
29/1/2021,FEB 21,N09,NORTE,"386089,8125",6475069,PRIMARIA,AdM - AT - FS - RD,0,0,0,0,0,BOSQUE_SUELODESNUDO,100,0,0,0,0,0,N09,7
6/8/2021,AGO 21,N09,NORTE,"386089,8125",6475069,PRIMARIA,GN-CS-NM,1,1,0,0,0,BOSQUE_SUELODESNUDO,100,1,1,0,0,1,N09,7
30/1/2021,FEB 21,N10,NORTE,"383074,8125",6475039,PRIMARIA,AdM - AT - FS - RD,1,0,3,6,"0,127000004053116",SIOSEL_PAJONAL,5,9,1,1,1,0,N10,3
6/8/2021,AGO 21,N10,NORTE,"383074,8125",6475039,PRIMARIA,SS-JA,1,1,0,6,"0,654999971389771",SIOSEL_PAJONAL,0,7,1,1,0,1,N10,3
5/8/2022,AGO 22,N10,NORTE,"383074,8125",6475039,PRIMARIA,RD-SRV,0,0,0,0,0,SIOSEL_PAJONAL,5,0,0,0,0,0,N10,3
6/2/2020,FEB 20,N10,NORTE,"383074,8125",6475039,PRIMARIA,AdM-PAF,1,0,2,2,"0,456000000238419",SIOSEL_PAJONAL,5,4,1,1,1,0,N10,3
10/2/2022,FEB 22,N10,NORTE,"383074,8125",6475039,PRIMARIA,GN-NP,1,0,0,2,"0,146999999880791",SIOSEL_PAJONAL,5,2,1,1,0,0,N10,7
6/2/2020,FEB 20,N10A,NORTE,"383074,8125",6475054,SECUNDARIA,GN-AF-IR,0,0,0,0,0,SIOSEL_PAJONAL,5,0,0,0,0,0,N10A,1
6/2/2020,FEB 20,N10AA,NORTE,"383104,8125",6475009,SECUNDARIA,AdM-PAF,0,0,0,0,0,SIOSEL_PASTIZAL,5,0,0,0,0,0,N10AA,2
6/2/2020,FEB 20,N10AB,NORTE,"383089,8125",6474994,SECUNDARIA,AdM-PAF,0,0,0,0,0,SIOSEL_PASTIZAL,10,0,0,0,0,0,N10AB,2
6/2/2020,FEB 20,N10AC,NORTE,"383014,8125",6475039,SECUNDARIA,AdM-PAF,0,0,0,0,0,SIOSEL_PAJONAL,3,0,0,0,0,0,N10AC,1
6/2/2020,FEB 20,N10AD,NORTE,"382999,8125",6475024,SECUNDARIA,GN-AF-IR,0,0,0,0,0,SIOSEL_PAJONAL,1,0,0,0,0,0,N10AD,1
6/2/2020,FEB 20,N10B,NORTE,"383089,8125",6475039,SECUNDARIA,GN-AF-IR,0,0,0,0,0,SIOSEL_PAJONAL,1,0,0,0,0,0,N10B,1
6/2/2020,FEB 20,N10C,NORTE,"383074,8125",6475024,SECUNDARIA,AdM-PAF,1,0,0,3,"0,416000008583069",SIOSEL_PAJONAL,0,3,1,1,0,0,N10C,5
6/2/2020,FEB 20,N10D,NORTE,"383059,8125",6475039,SECUNDARIA,AdM-PAF,1,0,2,1,"0,310000002384186",SIOSEL_PAJONAL,10,3,1,1,1,0,N10D,1
6/2/2020,FEB 20,N10E,NORTE,"383059,8125",6475054,SECUNDARIA,AdM-PAF,0,0,0,0,0,SIOSEL_PAJONAL,3,0,0,0,0,0,N10E,1
6/2/2020,FEB 20,N10F,NORTE,"383059,8125",6475024,SECUNDARIA,AdM-PAF,1,0,1,2,"0,125",SIOSEL_PAJONAL,5,3,1,1,1,0,N10F,1
6/2/2020,FEB 20,N10G,NORTE,"383044,8125",6475039,SECUNDARIA,AdM-PAF,0,0,0,0,0,SIOSEL_PAJONAL,1,0,0,0,0,0,N10G,1
6/2/2020,FEB 20,N10H,NORTE,"383059,8125",6475009,SECUNDARIA,AdM-PAF,1,0,0,1,"0,207000002264977",SIOSEL_PAJONAL,3,1,1,1,0,0,N10H,5
6/2/2020,FEB 20,N10I,NORTE,"383044,8125",6475024,SECUNDARIA,AdM-PAF,1,0,1,0,0,SIOSEL_PAJONAL,5,1,1,0,1,0,N10I,5
6/2/2020,FEB 20,N10J,NORTE,"383074,8125",6475009,SECUNDARIA,AdM-PAF,1,0,0,3,"0,460999995470047",SIOSEL_PAJONAL,0,3,1,1,0,0,N10J,5
6/2/2020,FEB 20,N10K,NORTE,"383059,8125",6474994,SECUNDARIA,AdM-PAF,1,0,0,1,"0,0780000016093254",SIOSEL_PAJONAL,1,1,1,1,0,0,N10K,5
6/2/2020,FEB 20,N10L,NORTE,"383044,8125",6475009,SECUNDARIA,AdM-PAF,0,0,0,0,0,SIOSEL_PAJONAL,1,0,0,0,0,0,N10L,5
6/2/2020,FEB 20,N10M,NORTE,"383074,8125",6474994,SECUNDARIA,AdM-PAF,0,0,0,0,0,SIOSEL_PAJONAL,0,0,0,0,0,0,N10M,5
6/2/2020,FEB 20,N10N,NORTE,"383059,8125",6474979,SECUNDARIA,AdM-PAF,0,0,0,0,0,SIOSEL_PAJONAL,0,0,0,0,0,0,N10N,5
6/2/2020,FEB 20,N10O,NORTE,"383044,8125",6474994,SECUNDARIA,AdM-PAF,0,0,0,0,0,SIOSEL_PAJONAL,3,0,0,0,0,0,N10O,5
6/2/2020,FEB 20,N10P,NORTE,"383029,8125",6475024,SECUNDARIA,AdM-PAF,1,0,2,0,0,SIOSEL_PAJONAL,30,2,1,0,1,0,N10P,1
6/2/2020,FEB 20,N10Q,NORTE,"383029,8125",6475039,SECUNDARIA,AdM-PAF,0,0,0,0,0,SIOSEL_PAJONAL,1,0,0,0,0,0,N10Q,1
6/2/2020,FEB 20,N10R,NORTE,"383029,8125",6475009,SECUNDARIA,AdM-PAF,1,0,2,0,0,SIOSEL_PAJONAL,3,2,1,0,1,0,N10R,5
6/2/2020,FEB 20,N10S,NORTE,"383014,8125",6475024,SECUNDARIA,AdM-PAF,1,0,4,0,0,SIOSEL_PAJONAL,20,4,1,0,1,0,N10S,1
6/2/2020,FEB 20,N10T,NORTE,"383029,8125",6474994,SECUNDARIA,AdM-PAF,0,0,0,0,0,SIOSEL_PAJONAL,0,0,0,0,0,0,N10T,5
6/2/2020,FEB 20,N10U,NORTE,"383014,8125",6475009,SECUNDARIA,AdM-PAF,1,0,2,0,0,SIOSEL_PAJONAL,15,2,1,0,1,0,N10U,5
6/2/2020,FEB 20,N10V,NORTE,"383014,8125",6474994,SECUNDARIA,AdM-PAF,0,0,0,0,0,SIOSEL_PAJONAL,10,0,0,0,0,0,N10V,5
6/2/2020,FEB 20,N10X,NORTE,"382999,8125",6475009,SECUNDARIA,GN-AF-IR,0,0,0,0,0,SIOSEL_PASTIZAL,1,0,0,0,0,0,N10X,5
6/2/2020,FEB 20,N10Y,NORTE,"383029,8125",6475024,SECUNDARIA,GN-AF-IR,0,0,0,0,0,SIOSEL_PASTIZAL,0,0,0,0,0,0,N10Y,6
6/2/2020,FEB 20,N10Z,NORTE,"383029,8125",6475009,SECUNDARIA,AdM-PAF,1,1,0,0,0,SIOSEL_PASTIZAL,0,1,1,0,0,1,N10Z,2
10/2/2022,FEB 22,N11,NORTE,"382864,8125",6475024,PRIMARIA,GN-NP,1,1,0,0,0,SIOSEL_ARBUSTAL,5,1,1,0,0,1,N11,2
6/2/2020,FEB 20,N11,NORTE,"382864,8125",6475024,PRIMARIA,GN-AF-IR,0,0,0,0,0,SIOSEL_ARBUSTAL,0,0,0,0,0,0,N11,7
6/8/2021,AGO 21,N11,NORTE,"382864,8125",6475024,PRIMARIA,AT-PAF-CS,1,1,2,3,"0,0430000014603138",SIOSEL_ARBUSTAL,5,6,1,1,1,1,N11,7
5/8/2022,AGO 22,N11,NORTE,"382864,8125",6475024,PRIMARIA,AT-ER-SM,1,0,1,11,"0,129999995231628",SIOSEL_ARBUSTAL,5,12,1,1,1,0,N11,7
30/1/2021,FEB 21,N11,NORTE,"382864,8125",6475024,PRIMARIA,NM - GN - BD - BH,0,0,0,0,0,SIOSEL_ARBUSTAL,5,0,0,0,0,0,N11,7
1/8/2022,AGO 22,N12,NORTE,"376519,8125",6474934,PRIMARIA,RD-SRV,0,0,0,0,0,PALMAR_PASTIZAL,5,0,0,0,0,0,N12,2
5/8/2021,AGO 21,N12,NORTE,"376519,8125",6474934,PRIMARIA,AT-PAF-BD,1,2,6,7,"1,12000000476837",PALMAR_PASTIZAL,30,15,1,1,1,1,N12,2
11/2/2022,FEB 22,N12,NORTE,"376519,8125",6474934,PRIMARIA,MP-AdM,0,0,0,0,0,PALMAR_PASTIZAL,20,0,0,0,0,0,N12,2
27/1/2021,FEB 21,N12,NORTE,"376519,8125",6474934,PRIMARIA,NM - GN - BD - BH,0,0,0,0,0,PALMAR_PASTIZAL,5,0,0,0,0,0,N12,2
8/2/2020,FEB 20,N12,NORTE,"376519,8125",6474934,PRIMARIA,AdM-PAF-GR,0,0,0,0,0,PALMAR_PASTIZAL,5,0,0,0,0,0,N12,2
5/8/2021,AGO 21,N13,NORTE,"377509,8125",6474679,PRIMARIA,GN-CS-NM-SS,1,0,1,1,0,PALMAR_ARBUSTAL,5,2,1,1,1,0,N13,2
28/1/2021,FEB 21,N13,NORTE,"377509,8125",6474679,PRIMARIA,NM - GN - BD - BH - RG,1,0,1,0,0,PALMAR_ARBUSTAL,5,1,1,0,1,0,N13,2
1/8/2022,AGO 22,N13,NORTE,"377509,8125",6474679,PRIMARIA,AdM-GC,0,0,0,0,0,PALMAR_ARBUSTAL,5,0,0,0,0,0,N13,3
8/2/2020,FEB 20,N13,NORTE,"377509,8125",6474679,PRIMARIA,GN-AF-IR-SS,0,0,0,0,0,PALMAR_ARBUSTAL,0,0,0,0,0,0,N13,2
11/2/2022,FEB 22,N13,NORTE,"377509,8125",6474679,PRIMARIA,MP-AdM,1,0,0,5,"0,0900000035762787",PALMAR_ARBUSTAL,10,5,1,1,0,0,N13,7
28/1/2021,FEB 21,N13A,NORTE,,,SECUNDARIA,GN - BD - BH - NM - RG,0,0,,0,0,PALMAR_ARBUSTAL,0,0,0,0,,0,N13A,2
28/1/2021,FEB 21,N13B,NORTE,,,SECUNDARIA,GN - BD - BH - NM - RG,0,0,,0,0,PALMAR_ARBUSTAL,0,0,0,0,,0,N13B,2
28/1/2021,FEB 21,N13C,NORTE,,,SECUNDARIA,GN - BD - BH - NM - RG,0,0,,0,0,PALMAR_ARBUSTAL,0,0,0,0,,0,N13C,2
28/1/2021,FEB 21,N13D,NORTE,,,SECUNDARIA,GN - BD - BH - NM - RG,1,0,,1,,PALMAR_ARBUSTAL,0,1,1,1,,0,N13D,2
28/1/2021,FEB 21,N13E,NORTE,,,SECUNDARIA,GN - BD - BH - NM ,0,0,,0,0,PALMAR_ARBUSTAL,0,0,0,0,,0,N13E,2
28/1/2021,FEB 21,N13F,NORTE,,,SECUNDARIA,GN - BD - BH - NM - RG,0,0,,0,0,PALMAR_ARBUSTAL,5,0,0,0,,0,N13F,2
28/1/2021,FEB 21,N13G,NORTE,,,SECUNDARIA,GN - BD - BH - NM ,0,0,,0,0,PALMAR_ARBUSTAL/PAJAL,1,0,0,0,,0,N13G,2
28/1/2021,FEB 21,N13H,NORTE,,,SECUNDARIA,GN - BD - BH - NM ,0,0,,0,0,PALMAR_ARBUSTAL,1,0,0,0,,0,N13H,2
28/1/2021,FEB 21,N13I,NORTE,,,SECUNDARIA,GN - BD - BH - NM ,0,0,,0,0,PALMAR_ARBUSTAL/PAJAL,1,0,0,0,,0,N13I,2
6/2/2020,FEB 20,N14,NORTE,"383314,8125",6474544,PRIMARIA,GN-AF-IR,0,0,0,0,0,BOSQUE_SUELODESNUDO,70,0,0,0,0,0,N14,7
29/1/2021,FEB 21,N14,NORTE,"383314,8125",6474544,PRIMARIA,AdM - AT - FS - RD,1,3,0,0,0,BOSQUE_SUELODESNUDO,100,3,1,0,0,1,N14,7
6/8/2021,AGO 21,N14,NORTE,"383314,8125",6474544,PRIMARIA,AT-PAF-CS,1,9,2,2,"0,0520000010728836",BOSQUE_SUELODESNUDO,95,13,1,1,1,1,N14,7
5/8/2022,AGO 22,N14,NORTE,"383314,8125",6474544,PRIMARIA,AdM-GC,1,2,0,37,"0,490000009536743",BOSQUE_SUELODESNUDO,0,39,1,1,0,1,N14,7
10/2/2022,FEB 22,N14,NORTE,"383314,8125",6474544,PRIMARIA,AF-RD,0,0,0,0,0,BOSQUE_SUELODESNUDO,100,0,0,0,0,0,N14,7
6/8/2021,AGO 21,N15,NORTE,"384139,8125",6474139,PRIMARIA,AdM-SS-JA,1,0,3,2,"0,120999999344349",SIOSEL_ARBUSTAL,0,5,1,1,1,0,N15,3
13/8/2022,AGO 22,N15,NORTE,"384139,8125",6474139,PRIMARIA,AdM-AT-RD-NM,1,0,35,1,"0,287999987602234",SIOSEL_ARBUSTAL,10,36,1,1,1,0,N15,3
8/2/2020,FEB 20,N15,NORTE,"384139,8125",6474139,PRIMARIA,AdM-PAF-GR,0,0,0,0,0,SIOSEL_ARBUSTAL,10,0,0,0,0,0,N15,3
30/1/2021,FEB 21,N15,NORTE,"384139,8125",6474139,PRIMARIA,NM - GN - BD - BH,1,1,3,0,0,SIOSEL_ARBUSTAL,90,4,1,0,1,1,N15,7
10/2/2022,FEB 22,N15,NORTE,"384139,8125",6474139,PRIMARIA,MP-AdM,1,0,0,6,"0,363000005483627",SIOSEL_ARBUSTAL,50,6,1,1,0,0,N15,7
1/8/2022,AGO 22,N16,NORTE,"379369,8125",6473959,PRIMARIA,RD-SRV,1,0,25,0,0,SIOSEL_PASTIZAL,5,25,1,0,1,0,N16,3
7/2/2020,FEB 20,N16,NORTE,"379369,8125",6473959,PRIMARIA,AdM-PAF,1,0,1,0,0,SIOSEL_PASTIZAL,10,1,1,0,1,0,N16,3
11/2/2022,FEB 22,N16,NORTE,"379369,8125",6473959,PRIMARIA,GN-NP,0,0,0,0,0,SIOSEL_PASTIZAL,0,0,0,0,0,0,N16,7
2/8/2021,AGO 21,N16,NORTE,"379369,8125",6473959,PRIMARIA,AT-PAF-BD,1,0,2,0,0,SIOSEL_PASTIZAL,0,2,1,0,1,0,N16,7
31/1/2021,FEB 21,N16,NORTE,"379369,8125",6473959,PRIMARIA,NM - GN - BD - BH,0,0,0,0,0,SIOSEL_PASTIZAL,0,0,0,0,0,0,N16,7
7/2/2020,FEB 20,N16A,NORTE,"379369,8125",6473974,SECUNDARIA,AdM-PAF,1,0,1,0,0,SIOSEL_PASTIZAL,10,1,1,0,1,0,N16A,5
7/2/2020,FEB 20,N16B,NORTE,"379384,8125",6473959,SECUNDARIA,GN-AF-IR,0,0,0,0,0,SIOSEL_PASTIZAL,0,0,0,0,0,0,N16B,6
7/2/2020,FEB 20,N16C,NORTE,"379369,8125",6473944,SECUNDARIA,GN-AF-IR,0,0,0,0,0,SIOSEL_PASTIZAL,0,0,0,0,0,0,N16C,6
7/2/2020,FEB 20,N16D,NORTE,"379354,8125",6473959,SECUNDARIA,AdM-PAF,0,0,0,0,0,SIOSEL_PASTIZAL,15,0,0,0,0,0,N16D,5
5/8/2022,AGO 22,N17,NORTE,"381589,8125",6473959,PRIMARIA,RD-SRV,0,0,0,0,0,SIOSEL_ARBUSTAL,5,0,0,0,0,0,N17,3
8/2/2020,FEB 20,N17,NORTE,"381589,8125",6473959,PRIMARIA,AdM-PAF-GR,0,0,0,0,0,SIOSEL_ARBUSTAL,5,0,0,0,0,0,N17,3
31/1/2021,FEB 21,N17,NORTE,"381589,8125",6473959,PRIMARIA,NM - GN - BD - BH,0,0,0,0,0,SIOSEL_ARBUSTAL,0,0,0,0,0,0,N17,7
3/8/2021,AGO 21,N17,NORTE,"381589,8125",6473959,PRIMARIA,AT-PAF-BD,1,0,8,14,"0,953999996185303",SIOSEL_ARBUSTAL,10,22,1,1,1,0,N17,7
12/2/2022,FEB 22,N17,NORTE,"381589,8125",6473959,PRIMARIA,AF-RD,0,0,0,0,0,SIOSEL_ARBUSTAL,0,0,0,0,0,0,N17,7
11/2/2022,FEB 22,N18,NORTE,"379414,8125",6473914,PRIMARIA,GN-NP,1,1,0,0,0,SIOSEL_PASTIZAL,0,1,1,0,0,1,N18,2
1/8/2022,AGO 22,N18,NORTE,"379414,8125",6473914,PRIMARIA,RD-SRV,1,0,0,1,0,SIOSEL_PASTIZAL,5,1,1,1,0,0,N18,3
7/2/2020,FEB 20,N18,NORTE,"379414,8125",6473914,PRIMARIA,GN-AF-IR,0,0,0,0,0,SIOSEL_PASTIZAL,0,0,0,0,0,0,N18,2
31/1/2021,FEB 21,N18,NORTE,"379414,8125",6473914,PRIMARIA,NM - GN - BD - BH,0,0,0,0,0,SIOSEL_PASTIZAL,0,0,0,0,0,0,N18,7
2/8/2021,AGO 21,N18,NORTE,"379414,8125",6473914,PRIMARIA,AT-PAF-BD,0,0,0,0,0,SIOSEL_PASTIZAL,5,0,0,0,0,0,N18,7
31/1/2021,FEB 21,N19,NORTE,"377764,8125",6473869,PRIMARIA,AdM - AT - FS - RD,0,0,0,0,0,SIOSEL_PASTIZAL,0,0,0,0,0,0,N19,2
12/2/2022,FEB 22,N19,NORTE,"377764,8125",6473869,PRIMARIA,GN-NP,1,1,0,2,"0,375999987125397",SIOSEL_PASTIZAL,5,3,1,1,0,1,N19,2
7/2/2020,FEB 20,N19,NORTE,"377764,8125",6473869,PRIMARIA,AdM-PAF,0,0,0,0,0,SIOSEL_PASTIZAL,0,0,0,0,0,0,N19,2
1/8/2022,AGO 22,N19,NORTE,"377764,8125",6473869,PRIMARIA,AdM-GC,1,0,1,0,0,SIOSEL_PASTIZAL,5,1,1,0,1,0,N19,3
4/8/2021,AGO 21,N19,NORTE,"377764,8125",6473869,PRIMARIA,GN-CS-NM,0,0,0,0,0,SIOSEL_PASTIZAL,5,0,0,0,0,0,N19,3
1/8/2022,AGO 22,N20,NORTE,"378994,8125",6473869,PRIMARIA,AdM-GC,1,0,1,0,0,SIOSEL_PASTIZAL,5,1,1,0,1,0,N20,3
2/8/2021,AGO 21,N20,NORTE,"378994,8125",6473869,PRIMARIA,AdM-SS-JA,1,0,2,0,0,SIOSEL_PASTIZAL,5,2,1,0,1,0,N20,3
7/2/2020,FEB 20,N20,NORTE,"378994,8125",6473869,PRIMARIA,GN-AF-IR,0,0,0,0,0,SIOSEL_PASTIZAL,0,0,0,0,0,0,N20,7
31/1/2021,FEB 21,N20,NORTE,"378994,8125",6473869,PRIMARIA,NM - GN - BD - BH,0,0,0,0,0,SIOSEL_PASTIZAL,0,0,0,0,0,0,N20,7
11/2/2022,FEB 22,N20,NORTE,"378994,8125",6473869,PRIMARIA,AF-RD,0,0,0,0,0,SIOSEL_PASTIZAL,5,0,0,0,0,0,N20,7
8/2/2020,FEB 20,N21,NORTE,"378424,8125",6473044,PRIMARIA,GN-AF-IR-SS,0,0,0,0,0,PALMARBOSQUE_SUELODESNUDO,60,0,0,0,0,0,N21,7
2/8/2022,AGO 22,N21,NORTE,"378424,8125",6473044,PRIMARIA,AT-ER-SM,1,0,1,21,"3,30999994277954",PALMARBOSQUE_SUELODESNUDO,5,22,1,1,1,0,N21,7
28/1/2021,FEB 21,N21,NORTE,"378424,8125",6473044,PRIMARIA,AdM - AT - FS - RD,1,0,0,4,"2,68400001525879",PALMARBOSQUE_SUELODESNUDO,15,4,1,1,0,0,N21,7
3/8/2021,AGO 21,N21,NORTE,"378424,8125",6473044,PRIMARIA,AdM-SS-JA,1,0,0,12,"2,51300001144409",PALMARBOSQUE_SUELODESNUDO,5,12,1,1,0,0,N21,7
11/2/2022,FEB 22,N21,NORTE,"378424,8125",6473044,PRIMARIA,GN-NP,1,0,0,2,"0,388000011444092",PALMARBOSQUE_SUELODESNUDO,80,2,1,1,0,0,N21,7
28/1/2021,FEB 21,N21A,NORTE,,,SECUNDARIA,AdM - AT - FS - RD,1,0,0,10,"0,0810000002384186",PALMARBOSQUE_SUELODESNUDO,65,10,1,1,0,0,N21A,7
28/1/2021,FEB 21,N21B,NORTE,,,SECUNDARIA,AdM - AT - FS - RD,0,0,0,0,0,,,0,0,0,0,0,N21B,
28/1/2021,FEB 21,N21C,NORTE,,,SECUNDARIA,AdM -  FS ,0,0,0,0,0,PALMARBOSQUE_SUELODESNUDO,70,0,0,0,0,0,N21C,7
28/1/2021,FEB 21,N21D,NORTE,,,SECUNDARIA,AT ,1,0,0,1,"1,25999999046326",PALMARBOSQUE_SUELODESNUDO,90,1,1,1,0,0,N21D,7
28/1/2021,FEB 21,N21E,NORTE,,,SECUNDARIA,AT - FS ,1,1,0,8,"0,712999999523163",PALMARBOSQUE_SUELODESNUDO,5,9,1,1,0,1,N21E,7
28/1/2021,FEB 21,N21F,NORTE,,,SECUNDARIA,AT - FS - RD,1,0,0,6,"4,57299995422363",PALMARBOSQUE_SUELODESNUDO,5,6,1,1,0,0,N21F,7
28/1/2021,FEB 21,N21G,NORTE,,,SECUNDARIA,AdM ,1,0,0,7,"3,9449999332428",PALMARBOSQUE_SUELODESNUDO,75,7,1,1,0,0,N21G,7
28/1/2021,FEB 21,N21H,NORTE,,,SECUNDARIA, AT - RD,1,0,0,2,"0,33500000834465",PALMARBOSQUE_SUELODESNUDO,30,2,1,1,0,0,N21H,7
28/1/2021,FEB 21,N21I,NORTE,,,SECUNDARIA,AdM - AT - FS - RD,0,0,0,0,0,,,0,0,0,0,0,N21I,
28/1/2021,FEB 21,N21J,NORTE,,,SECUNDARIA,AdM - AT - FS - RD,0,0,0,0,0,,,0,0,0,0,0,N21J,
28/1/2021,FEB 21,N21K,NORTE,,,SECUNDARIA,AdM ,1,0,0,2,"6,70900011062622",,,2,1,1,0,0,N21K,
28/1/2021,FEB 21,N21L,NORTE,,,SECUNDARIA,AdM - AT - FS - RD,0,0,0,0,0,,,0,0,0,0,0,N21L,
28/1/2021,FEB 21,N21M,NORTE,,,SECUNDARIA,AdM - AT - FS - RD,0,0,0,0,0,,,0,0,0,0,0,N21M,
28/1/2021,FEB 21,N21N,NORTE,,,SECUNDARIA,AdM - AT - FS - RD,0,0,0,0,0,,,0,0,0,0,0,N21N,
28/1/2021,FEB 21,N21O,NORTE,,,SECUNDARIA,AT ,1,0,1,2,"0,654999971389771",,,3,1,1,1,0,N21O,
28/1/2021,FEB 21,N21P,NORTE,,,SECUNDARIA,AT ,1,0,0,2,"3,26999998092651",,,2,1,1,0,0,N21P,
28/1/2021,FEB 21,N21Q,NORTE,,,SECUNDARIA,,1,0,1,7,"0,834999978542328",,,8,1,1,1,0,N21Q,
28/1/2021,FEB 21,N21R,NORTE,,,SECUNDARIA,FS ,0,0,0,0,0,,,0,0,0,0,0,N21R,
28/1/2021,FEB 21,N21S,NORTE,,,SECUNDARIA,AdM - AT - FS - RD,0,0,0,0,0,,,0,0,0,0,0,N21S,
28/1/2021,FEB 21,N21T,NORTE,,,SECUNDARIA,AdM - AT - FS - RD,0,0,0,0,0,,,0,0,0,0,0,N21T,
28/1/2021,FEB 21,N21U,NORTE,,,SECUNDARIA,AdM - AT - FS - RD,0,0,0,0,0,,,0,0,0,0,0,N21U,
28/1/2021,FEB 21,N21V,NORTE,,,SECUNDARIA,AdM - AT - FS - RD,0,0,0,0,0,,,0,0,0,0,0,N21V,
28/1/2021,FEB 21,N21W,NORTE,,,SECUNDARIA,AT ,0,0,0,0,0,,,0,0,0,0,0,N21W,7
28/1/2021,FEB 21,N21Ñ,NORTE,,,SECUNDARIA,AdM - AT - FS - RD,0,0,0,0,0,,,0,0,0,0,0,N21Ñ,
27/1/2021,FEB 21,N22,NORTE,"377959,8125",6473029,PRIMARIA,AdM - AT - FS - RD,1,0,1,1,"0,0810000002384186",PALMAR_PASTIZAL,5,2,1,1,1,0,N22,2
2/8/2022,AGO 22,N22,NORTE,"377959,8125",6473029,PRIMARIA,RD-ER-SR-SM-AT,1,0,4,1,"0,0179999992251396",PALMAR_PASTIZAL,10,5,1,1,1,0,N22,2
11/2/2022,FEB 22,N22,NORTE,"377959,8125",6473029,PRIMARIA,GN-NP,1,0,0,3,"0,84500002861023",PALMAR_PASTIZAL,5,3,1,1,0,0,N22,2
3/8/2021,AGO 21,N22,NORTE,"377959,8125",6473029,PRIMARIA,GN-CS-NM,1,0,0,1,"0,0799999982118607",PALMAR_PASTIZAL,5,1,1,1,0,0,N22,2
5/2/2020,FEB 20,N22,NORTE,"377959,8125",6473029,PRIMARIA,GN-AF-IR,0,0,0,0,0,PALMAR_PASTIZAL,0,0,0,0,0,0,N22,2
27/1/2021,FEB 21,N22A,NORTE,,,SECUNDARIA,AdM - AT - FS - RD,0,0,0,0,0,PALMAR_PASTIZAL,5,0,0,0,0,0,N22A,2
27/1/2021,FEB 21,N22B,NORTE,,,SECUNDARIA,AT -  RD,0,0,0,0,0,PALMAR_PASTIZAL,5,0,0,0,0,0,N22B,2
27/1/2021,FEB 21,N22C,NORTE,,,SECUNDARIA,AT -  RD,0,0,0,0,0,PALMAR_PASTIZAL,10,0,0,0,0,0,N22C,2
27/1/2021,FEB 21,N22D,NORTE,,,SECUNDARIA,AdM -  FS ,0,0,0,0,0,PALMAR_PASTIZAL,5,0,0,0,0,0,N22D,2
28/1/2021,FEB 21,N22E,NORTE,,,SECUNDARIA,AT -  RD,0,0,0,0,0,PALMAR_PASTIZAL,10,0,0,0,0,0,N22E,2
28/1/2021,FEB 21,N22F,NORTE,,,SECUNDARIA,AdM - FS ,0,0,0,0,0,PALMAR_PASTIZAL,5,0,0,0,0,0,N22F,2
27/1/2021,FEB 21,N22G,NORTE,,,SECUNDARIA,AdM ,0,0,0,0,0,PALMAR_PASTIZAL,5,0,0,0,0,0,N22G,2
28/1/2021,FEB 21,N23,NORTE,"377929,8125",6472804,PRIMARIA,AdM - AT - FS - RD,0,0,0,0,0,PALMARBOSQUE_PASTIZAL,30,0,0,0,0,0,N23,2
3/8/2021,AGO 21,N23,NORTE,"377929,8125",6472804,PRIMARIA,GN-CS-NM,1,2,0,0,0,PALMARBOSQUE_PASTIZAL,50,2,1,0,0,1,N23,2
5/2/2020,FEB 20,N23,NORTE,"377929,8125",6472804,PRIMARIA,GN-AF-IR,1,4,0,0,0,PALMARBOSQUE_PASTIZAL,60,4,1,0,0,1,N23,2
11/2/2022,FEB 22,N23,NORTE,"377929,8125",6472804,PRIMARIA,GN-NP,1,0,0,3,"6,07999992370606",PALMARBOSQUE_PASTIZAL,80,3,1,1,0,0,N23,7
2/8/2022,AGO 22,N23,NORTE,"377929,8125",6472804,PRIMARIA,RD-SRV,1,0,1,0,0,PALMARBOSQUE_PASTIZAL,40,1,1,0,1,0,N23,
5/2/2020,FEB 20,N23A,NORTE,"377929,8125",6472819,SECUNDARIA,GN-AF-IR,0,0,0,0,0,PALMAR_PASTIZAL,1,0,0,0,0,0,N23A,6
5/2/2020,FEB 20,N23B,NORTE,"377944,8125",6472804,SECUNDARIA,GN-AF-IR,0,0,0,0,0,PALMAR_PASTIZAL,0,0,0,0,0,0,N23B,6
5/2/2020,FEB 20,N23C,NORTE,"377929,8125",6472789,SECUNDARIA,GN-AF-IR,0,0,0,0,0,PALMAR_SUELODESNUDO,60,0,0,0,0,0,N23C,6
5/2/2020,FEB 20,N23D,NORTE,"377914,8125",6472804,SECUNDARIA,GN-AF-IR,0,0,0,0,0,PALMAR_PASTIZAL,30,0,0,0,0,0,N23D,6
1/2/2021,FEB 21,N24,NORTE,"379024,8125",6472774,PRIMARIA,NM - GN - BD - BH - VL,0,0,0,0,0,PALMAR_PASTIZAL,5,0,0,0,0,0,N24,2
3/8/2021,AGO 21,N24,NORTE,"379024,8125",6472774,PRIMARIA,AdM-SS-JA,0,0,0,0,0,PALMAR_PASTIZAL,10,0,0,0,0,0,N24,2
11/2/2022,FEB 22,N24,NORTE,"379024,8125",6472774,PRIMARIA,AF-RD,1,0,0,1,0,PALMAR_PASTIZAL,,1,1,1,0,0,N24,2
5/2/2020,FEB 20,N24,NORTE,"379024,8125",6472774,PRIMARIA,AdM-PAF,1,0,0,1,"0,246999993920326",PALMAR_PASTIZAL,5,1,1,1,0,0,N24,2
2/8/2022,AGO 22,N24,NORTE,"379024,8125",6472774,PRIMARIA,AdM-GC,1,0,1,0,0,PALMAR_PASTIZAL,5,1,1,0,1,0,N24,2
5/2/2020,FEB 20,N24A,NORTE,"379024,8125",6472789,SECUNDARIA,AdM-PAF,0,0,0,0,0,PALMAR_PASTIZAL,3,0,0,0,0,0,N24A,2
5/2/2020,FEB 20,N24B,NORTE,"379039,8125",6472774,SECUNDARIA,AdM-PAF,1,0,0,1,"0,0329999998211861",PALMAR_PASTIZAL,5,1,1,1,0,0,N24B,2
5/2/2020,FEB 20,N24C,NORTE,"379024,8125",6472759,SECUNDARIA,AdM-PAF,0,0,0,0,0,PALMAR_PASTIZAL,3,0,0,0,0,0,N24C,2
5/2/2020,FEB 20,N24D,NORTE,"379009,8125",6472774,SECUNDARIA,AdM-PAF,1,0,2,0,0,PALMAR_PASTIZAL,5,2,1,0,1,0,N24D,2
5/2/2020,FEB 20,N24E,NORTE,"379009,8125",6472789,SECUNDARIA,AdM-PAF,0,0,0,0,0,PALMAR_PASTIZAL,3,0,0,0,0,0,N24E,2
5/2/2020,FEB 20,N24F,NORTE,"378994,8125",6472774,SECUNDARIA,AdM-PAF,0,0,0,0,0,PALMAR_PASTIZAL,5,0,0,0,0,0,N24F,2
5/2/2020,FEB 20,N24G,NORTE,"379009,8125",6472759,SECUNDARIA,AdM-PAF,0,0,0,0,0,PALMAR_PASTIZAL,3,0,0,0,0,0,N24G,2
5/2/2020,FEB 20,N24H,NORTE,"379039,8125",6472789,SECUNDARIA,AdM-PAF,0,0,0,0,0,PALMAR_PASTIZAL,3,0,0,0,0,0,N24H,2
5/2/2020,FEB 20,N24I,NORTE,"379054,8125",6472774,SECUNDARIA,AdM-PAF,0,0,0,0,0,PALMAR_PASTIZAL,10,0,0,0,0,0,N24I,2
5/2/2020,FEB 20,N24J,NORTE,"379039,8125",6472759,SECUNDARIA,AdM-PAF,0,0,0,0,0,PALMAR_PASTIZAL,1,0,0,0,0,0,N24J,2
1/2/2021,FEB 21,N25,NORTE,"377314,8125",6472729,PRIMARIA,AdM - AT - FS - RD,0,0,0,0,0,PALMAR_ARBUSTAL,5,0,0,0,0,0,N25,2
4/8/2021,AGO 21,N25,NORTE,"377314,8125",6472729,PRIMARIA,AT-PAF-BD,1,1,1,2,"0,105999998748302",PALMAR_ARBUSTAL,10,4,1,1,1,1,N25,2
12/2/2022,FEB 22,N25,NORTE,"377314,8125",6472729,PRIMARIA,GN-NP,1,0,0,1,"0,0219999998807907",PALMAR_ARBUSTAL,5,1,1,1,0,0,N25,2
17/2/2020,FEB 20,N25,NORTE,"377314,8125",6472729,PRIMARIA,GN-AF-SS,0,0,0,0,0,PALMAR_ARBUSTAL,0,0,0,0,0,0,N25,2
7/8/2022,AGO 22,N25,NORTE,"377314,8125",6472729,PRIMARIA,RD-SRV,1,4,1,3,"0,698000013828278",PALMAR_ARBUSTAL,50,8,1,1,1,1,N25,7
2/8/2022,AGO 22,N26,NORTE,"380854,8125",6472564,PRIMARIA,AT-ER-SM,1,0,1,22,"1,25999999046326",PALMAR_ARBUSTAL,5,23,1,1,1,0,N26,2
31/1/2021,FEB 21,N26,NORTE,"380854,8125",6472564,PRIMARIA,AdM - AT - FS - RD,1,1,0,3,"0,546999990940094",PALMAR_ARBUSTAL,5,4,1,1,0,1,N26,2
2/8/2021,AGO 21,N26,NORTE,"380854,8125",6472564,PRIMARIA,AT-PAF-BD,0,0,0,0,0,PALMAR_ARBUSTAL,0,0,0,0,0,0,N26,2
11/2/2022,FEB 22,N26,NORTE,"380854,8125",6472564,PRIMARIA,GN-NP,1,0,0,3,"1,5809999704361",PALMAR_ARBUSTAL,5,3,1,1,0,0,N26,2
7/2/2020,FEB 20,N26,NORTE,"380854,8125",6472564,PRIMARIA,AdM-PAF-GR,0,0,0,0,0,PALMAR_ARBUSTAL,0,0,0,0,0,0,N26,2
5/2/2020,FEB 20,N27,NORTE,"384994,8125",6472459,PRIMARIA,AdM-PAF,1,0,0,3,"3,56399989128113",BOSQUE_SUELODESNUDO,75,3,1,1,0,0,N27,7
29/1/2021,FEB 21,N27,NORTE,"384994,8125",6472459,PRIMARIA,NM - GN - BD - BH,1,3,2,0,0,BOSQUE_SUELODESNUDO,100,5,1,0,1,1,N27,7
9/8/2022,AGO 22,N27,NORTE,"384994,8125",6472459,PRIMARIA,AT-ER-SM,1,2,8,3,"0,0829999968409538",BOSQUE_SUELODESNUDO,85,13,1,1,1,1,N27,7
9/2/2022,FEB 22,N27,NORTE,"384994,8125",6472459,PRIMARIA,AF-RD,1,0,0,3,"3,04999995231628",BOSQUE_SUELODESNUDO,100,3,1,1,0,0,N27,7
1/8/2021,AGO 21,N27,NORTE,"384994,8125",6472459,PRIMARIA,AdM-AT-CS,1,6,3,2,"5,1100001335144",BOSQUE_SUELODESNUDO,80,11,1,1,1,1,N27,7
5/2/2020,FEB 20,N27A,NORTE,"384994,8125",6472474,SECUNDARIA,AdM-PAF,0,0,0,0,0,BOSQUE_SUELODESNUDO,90,0,0,0,0,0,N27A,5
5/2/2020,FEB 20,N27B,NORTE,"385009,8125",6472459,SECUNDARIA,GN-AF-IR,0,0,0,0,0,BOSQUE_SUELODESNUDO,95,0,0,0,0,0,N27B,5
5/2/2020,FEB 20,N27C,NORTE,"384994,8125",6472444,SECUNDARIA,AdM-PAF,0,0,0,0,0,BOSQUE_SUELODESNUDO,90,0,0,0,0,0,N27C,5
5/2/2020,FEB 20,N27D,NORTE,"384979,8125",6472459,SECUNDARIA,AdM-PAF,0,0,0,0,0,BOSQUE_SUELODESNUDO,90,0,0,0,0,0,N27D,5
1/2/2021,FEB 21,N28,NORTE,"379339,8125",6472204,PRIMARIA,NM - GN - BD - BH - VL,0,0,0,0,0,SIOSEL_PASTIZAL,10,0,0,0,0,0,N28,2
2/8/2022,AGO 22,N28,NORTE,"379339,8125",6472204,PRIMARIA,AdM-GC,1,0,6,0,0,SIOSEL_PASTIZAL,20,6,1,0,1,0,N28,2
5/2/2020,FEB 20,N28,NORTE,"379339,8125",6472204,PRIMARIA,AdM-PAF,0,0,0,0,0,SIOSEL_PASTIZAL,20,0,0,0,0,0,N28,2
3/8/2021,AGO 21,N28,NORTE,"379339,8125",6472204,PRIMARIA,AdM-SS-JA,0,0,0,0,0,SIOSEL_PASTIZAL,10,0,0,0,0,0,N28,2
11/2/2022,FEB 22,N28,NORTE,"379339,8125",6472204,PRIMARIA,AF-RD,0,0,0,0,0,SIOSEL_PASTIZAL,5,0,0,0,0,0,N28,2
7/2/2020,FEB 20,N29,NORTE,"380449,8125",6472069,PRIMARIA,GN-AF-IR-SS,0,0,0,0,0,PALMARBOSQUE_SUELODESNUDO,30,0,0,0,0,0,N29,7
31/1/2021,FEB 21,N29,NORTE,"380449,8125",6472069,PRIMARIA,AdM - AT - FS - RD,1,2,0,0,0,PALMARBOSQUE_SUELODESNUDO,95,2,1,0,0,1,N29,7
11/2/2022,FEB 22,N29,NORTE,"380449,8125",6472069,PRIMARIA,MP-AdM,1,0,0,6,"0,125",PALMARBOSQUE_SUELODESNUDO,5,6,1,1,0,0,N29,7
2/8/2021,AGO 21,N29,NORTE,"380449,8125",6472069,PRIMARIA,AdM-SS-JA,1,0,0,8,"0,689999997615814",PALMARBOSQUE_SUELODESNUDO,0,8,1,1,0,0,N29,7
2/8/2022,AGO 22,N29,NORTE,"380449,8125",6472069,PRIMARIA,AdM-GC,1,0,0,12,"0,600000023841858",PALMARBOSQUE_SUELODESNUDO,0,12,1,1,0,0,N29,7
4/8/2021,AGO 21,N30,NORTE,"378709,8125",6471889,PRIMARIA,AdM-SS-JA,0,0,0,0,0,SIOSEL_PASTIZAL,5,0,0,0,0,0,N30,2
11/2/2022,FEB 22,N30,NORTE,"378709,8125",6471889,PRIMARIA,MP-AdM,1,0,3,0,0,SIOSEL_PASTIZAL,20,3,1,0,1,0,N30,2
1/2/2021,FEB 21,N30,NORTE,"378709,8125",6471889,PRIMARIA,NM - GN - BD - BH - VL,0,0,0,0,0,SIOSEL_PASTIZAL,1,0,0,0,0,0,N30,2
6/8/2022,AGO 22,N30,NORTE,"378709,8125",6471889,PRIMARIA,AT-ER-SM-SR,1,0,3,9,"0,109999999403954",SIOSEL_PASTIZAL,35,12,1,1,1,0,N30,2
8/2/2020,FEB 20,N30,NORTE,"378709,8125",6471889,PRIMARIA,GN-AF-IR-SS,0,0,0,0,0,SIOSEL_PASTIZAL,1,0,0,0,0,0,N30,2
12/2/2022,FEB 22,N31,NORTE,"377569,8125",6471679,PRIMARIA,MP-AdM,1,1,0,0,0,SIOSEL_PASTIZAL,20,1,1,0,0,1,N31,2
7/8/2022,AGO 22,N31,NORTE,"377569,8125",6471679,PRIMARIA,AT-GC,1,0,0,5,"0,333999991416931",SIOSEL_PASTIZAL,10,5,1,1,0,0,N31,2
8/2/2020,FEB 20,N31,NORTE,"377569,8125",6471679,PRIMARIA,AdM-PAF-GR-RG,0,0,0,0,0,SIOSEL_PASTIZAL,20,0,0,0,0,0,N31,2
5/8/2021,AGO 21,N31,NORTE,"377569,8125",6471679,PRIMARIA,AT-PAF-BD,1,0,3,0,0,SIOSEL_PASTIZAL,40,3,1,0,1,0,N31,2
1/2/2021,FEB 21,N31,NORTE,"377569,8125",6471679,PRIMARIA,AdM - AT - FS - RD,0,0,0,0,0,SIOSEL_PASTIZAL,10,0,0,0,0,0,N31,2
2/8/2022,AGO 22,N32,NORTE,"381619,8125",6471649,PRIMARIA,RD-SRV,1,0,1,0,0,PALMAR_PASTIZAL,5,1,1,0,1,0,N32,2
2/8/2021,AGO 21,N32,NORTE,"381619,8125",6471649,PRIMARIA,GN-CS-NM,0,0,0,0,0,PALMAR_PASTIZAL,5,0,0,0,0,0,N32,2
7/2/2020,FEB 20,N32,NORTE,"381619,8125",6471649,PRIMARIA,GN-AF-IR-SS,0,0,0,0,0,PALMAR_PASTIZAL,1,0,0,0,0,0,N32,2
31/1/2021,FEB 21,N32,NORTE,"381619,8125",6471649,PRIMARIA,AdM - AT - FS - RD,1,0,0,5,"0,757000029087067",PALMAR_PASTIZAL,5,5,1,1,0,0,N32,7
9/2/2022,FEB 22,N32,NORTE,"381619,8125",6471649,PRIMARIA,AF-RD,0,0,0,0,0,PALMAR_PASTIZAL,50,0,0,0,0,0,N32,7
31/1/2021,FEB 21,N33,NORTE,"382519,8125",6471619,PRIMARIA,NM - GN - BD - BH,0,0,0,0,0,PALMAR_PASTIZAL,1,0,0,0,0,0,N33,2
5/2/2020,FEB 20,N33,NORTE,"382519,8125",6471619,PRIMARIA,AdM-PAF,0,0,0,0,0,PALMAR_PASTIZAL,3,0,0,0,0,0,N33,2
2/8/2021,AGO 21,N33,NORTE,"382519,8125",6471619,PRIMARIA,AT-PAF-BD,0,0,0,0,0,PALMAR_PASTIZAL,5,0,0,0,0,0,N33,2
9/2/2022,FEB 22,N33,NORTE,"382519,8125",6471619,PRIMARIA,GN-NP,1,0,0,5,"0,162000000476837",PALMAR_PASTIZAL,5,5,1,1,0,0,N33,2
2/8/2022,AGO 22,N33,NORTE,"382519,8125",6471619,PRIMARIA,AT-ER-SM,1,0,0,5,"0,340000003576279",PALMAR_PASTIZAL,10,5,1,1,0,0,N33,2
8/2/2020,FEB 20,N34,NORTE,"378349,8125",6471559,PRIMARIA,AdM-PAF-GR-RG,0,0,0,0,0,SIOSEL_PAJONAL,0,0,0,0,0,0,N34,2
1/2/2021,FEB 21,N34,NORTE,"378349,8125",6471559,PRIMARIA,AdM - AT - FS - RD,1,0,0,3,"0,0930000022053719",SIOSEL_PAJONAL,5,3,1,1,0,0,N34,2
11/2/2022,FEB 22,N34,NORTE,"378349,8125",6471559,PRIMARIA,MP-AdM,0,0,0,0,0,SIOSEL_PAJONAL,20,0,0,0,0,0,N34,2
6/8/2022,AGO 22,N34,NORTE,"378349,8125",6471559,PRIMARIA,AT-ER-SM-SR,1,0,1,22,"3,13000011444092",SIOSEL_PAJONAL,10,23,1,1,1,0,N34,3
4/8/2021,AGO 21,N34,NORTE,"378349,8125",6471559,PRIMARIA,AdM-SS-JA,1,0,0,3,"0,270000010728836",SIOSEL_PAJONAL,5,3,1,1,0,0,N34,7
9/2/2022,FEB 22,N35,NORTE,"384364,8125",6471484,PRIMARIA,GN-NP,0,0,0,0,0,PALMAR_ARBUSTAL,5,0,0,0,0,0,N35,2
9/8/2022,AGO 22,N35,NORTE,"384364,8125",6471484,PRIMARIA,RD-SRV-NM,1,0,0,3,"0,365000009536743",PALMAR_ARBUSTAL,10,3,1,1,0,0,N35,2
5/2/2020,FEB 20,N35,NORTE,"384364,8125",6471484,PRIMARIA,GN-AF-IR,0,0,0,0,0,PALMAR_ARBUSTAL,0,0,0,0,0,0,N35,2
29/1/2021,FEB 21,N35,NORTE,"384364,8125",6471484,PRIMARIA,NM - GN - BD - BH,1,0,0,2,"0,559000015258789",PALMAR_ARBUSTAL,0,2,1,1,0,0,N35,7
2/8/2021,AGO 21,N35,NORTE,"384364,8125",6471484,PRIMARIA,AT-PAF-BD,1,0,1,4,"0,144999995827675",PALMAR_ARBUSTAL,10,5,1,1,1,0,N35,7
2/8/2021,AGO 21,N36,NORTE,"382549,8125",6471424,PRIMARIA,AT-PAF-BD,1,0,1,5,"0,46900001168251",PALMAR_ARBUSTAL,40,6,1,1,1,0,N36,2
5/2/2020,FEB 20,N36,NORTE,"382549,8125",6471424,PRIMARIA,GN-AF-IR,0,0,0,0,0,PALMAR_ARBUSTAL,50,0,0,0,0,0,N36,2
31/1/2021,FEB 21,N36,NORTE,"382549,8125",6471424,PRIMARIA,AdM - AT - FS - RD,1,0,0,1,"0,0199999995529652",PALMAR_ARBUSTAL,20,1,1,1,0,0,N36,7
2/8/2022,AGO 22,N36,NORTE,"382549,8125",6471424,PRIMARIA,AT-ER-SM,1,0,1,0,0,PALMAR_ARBUSTAL,20,1,1,0,1,0,N36,7
9/2/2022,FEB 22,N36,NORTE,"382549,8125",6471424,PRIMARIA,GN-NP,1,0,0,1,"0,47299998998642",PALMAR_ARBUSTAL,35,1,1,1,0,0,N36,7
17/2/2020,FEB 20,N37,NORTE,"379174,8125",6471169,PRIMARIA,AdM-GR,0,0,0,0,0,PALMAR_PASTIZAL,5,0,0,0,0,0,N37,2
4/8/2021,AGO 21,N37,NORTE,"379174,8125",6471169,PRIMARIA,AdM-SS-JA,0,0,0,0,0,PALMAR_PASTIZAL,5,0,0,0,0,0,N37,2
11/2/2022,FEB 22,N37,NORTE,"379174,8125",6471169,PRIMARIA,MP-AdM,1,0,0,11,0,PALMAR_PASTIZAL,10,11,1,1,0,0,N37,2
1/2/2021,FEB 21,N37,NORTE,"379174,8125",6471169,PRIMARIA,AdM - AT - FS - RD,0,0,0,0,0,PALMAR_PASTIZAL,5,0,0,0,0,0,N37,2
6/8/2022,AGO 22,N37,NORTE,"379174,8125",6471169,PRIMARIA,AT-ER-SM-SR,1,1,4,1,0,PALMAR_PASTIZAL,0,6,1,1,1,1,N37,2
7/2/2020,FEB 20,N38,NORTE,"383404,8125",6470524,PRIMARIA,AdM-PAF-GR,0,0,0,0,0,SIOSEL_ARBUSTAL,1,0,0,0,0,0,N38,2
9/2/2022,FEB 22,N38,NORTE,"383404,8125",6470524,PRIMARIA,MP-AdM,0,0,0,0,0,SIOSEL_ARBUSTAL,5,0,0,0,0,0,N38,2
2/8/2021,AGO 21,N38,NORTE,"383404,8125",6470524,PRIMARIA,AdM-SS-JA,0,0,0,0,0,SIOSEL_ARBUSTAL,5,0,0,0,0,0,N38,2
2/8/2022,AGO 22,N38,NORTE,"383404,8125",6470524,PRIMARIA,AdM-GC,1,1,1,0,0,SIOSEL_ARBUSTAL,10,2,1,0,1,1,N38,7
31/1/2021,FEB 21,N38,NORTE,"383404,8125",6470524,PRIMARIA,AdM - AT - FS - RD,1,1,1,7,"0,671999990940094",SIOSEL_ARBUSTAL,10,9,1,1,1,1,N38,7
1/8/2021,AGO 21,N39,NORTE,"385384,8125",6470479,PRIMARIA,AdM-AT-CS,1,0,12,5,"0,143999993801117",BOSQUE_PASTIZAL,5,17,1,1,1,0,N39,3
4/2/2020,FEB 20,N39,NORTE,"385384,8125",6470479,PRIMARIA,GN-AF-IR,1,1,1,0,0,BOSQUE_PASTIZAL,1,2,1,0,1,1,N39,3
9/8/2022,AGO 22,N39,NORTE,"385384,8125",6470479,PRIMARIA,AT-SM-ER,1,0,9,5,"0,123999997973442",BOSQUE_PASTIZAL,0,14,1,1,1,0,N39,7
29/1/2021,FEB 21,N39,NORTE,"385384,8125",6470479,PRIMARIA,NM - GN - BD - BH - RG,0,0,0,0,0,BOSQUE_PASTIZAL,100,0,0,0,0,0,N39,7
9/2/2022,FEB 22,N39,NORTE,"385384,8125",6470479,PRIMARIA,GN-NP-RD,1,0,1,1,"0,319999992847443",BOSQUE_PASTIZAL,,2,1,1,1,0,N39,
4/2/2020,FEB 20,N39A,NORTE,"385384,8125",6470494,SECUNDARIA,GN-AF-IR,0,0,0,0,0,BOSQUE_PASTIZAL,0,0,0,0,0,0,N39A,5
4/2/2020,FEB 20,N39B,NORTE,"385399,8125",6470479,SECUNDARIA,GN-AF-IR,0,0,0,0,0,SIOSEL_PASTIZAL,5,0,0,0,0,0,N39B,5
4/2/2020,FEB 20,N39C,NORTE,"385384,8125",6470464,SECUNDARIA,AdM-PAF,1,0,0,1,"0,0780000016093254",BOSQUE_PASTIZAL,0,1,1,1,0,0,N39C,5
4/2/2020,FEB 20,N39D,NORTE,"385369,8125",6470479,SECUNDARIA,GN-AF-IR,0,0,0,0,0,BOSQUE_PASTIZAL,0,0,0,0,0,0,N39D,5
4/2/2020,FEB 20,N39E,NORTE,"385399,8125",6470464,SECUNDARIA,AdM-PAF-GN-AF-IR,0,0,0,0,0,BOSQUE_PASTIZAL,10,0,0,0,0,0,N39E,5
4/2/2020,FEB 20,N39F,NORTE,"385384,8125",6470449,SECUNDARIA,AdM-PAF,0,0,0,0,0,BOSQUE_PASTIZAL,0,0,0,0,0,0,N39F,5
4/2/2020,FEB 20,N39G,NORTE,"385369,8125",6470464,SECUNDARIA,GN-AF-IR,0,0,0,0,0,BOSQUE_PASTIZAL,0,0,0,0,0,0,N39G,5
1/8/2021,AGO 21,N40,NORTE,"385789,8125",6470209,PRIMARIA,AdM-AT-CS,1,0,2,0,0,BOSQUE_SUELODESNUDO,10,2,1,0,1,0,N40,3
4/2/2020,FEB 20,N40,NORTE,"385789,8125",6470209,PRIMARIA,AdM-PAF,0,0,0,0,0,BOSQUE_SUELODESNUDO,30,0,0,0,0,0,N40,3
9/2/2022,FEB 22,N40,NORTE,"385789,8125",6470209,PRIMARIA,MP-AF-AdM,0,0,0,0,0,BOSQUE_SUELODESNUDO,15,0,0,0,0,0,N40,7
29/1/2021,FEB 21,N40,NORTE,"385789,8125",6470209,PRIMARIA,NM - GN - BD - BH,1,1,0,0,0,BOSQUE_SUELODESNUDO,80,1,1,0,0,1,N40,7
9/8/2022,AGO 22,N40,NORTE,"385789,8125",6470209,PRIMARIA,AdM-GC,1,1,1,1,"0,068000003695488",BOSQUE_SUELODESNUDO,10,3,1,1,1,1,N40,7
4/8/2021,AGO 21,P01,NORTE,377359,6473238,EXTRA,GN-CS-NM,0,0,0,0,0,SIOSEL_PAJONAL,10,0,0,0,0,0,P01,3
8/2/2021,FEB 21,P01,NORTE,377359,6473238,EXTRA,AdM - AT,1,0,0,1,"0,0280000008642674",SIOSEL_PAJONAL,5,1,1,1,0,0,P01,3
12/2/2022,FEB 22,P01,NORTE,377359,6473238,EXTRA,GN-NP,0,0,0,0,0,SIOSEL_PAJONAL,0,0,0,0,0,0,P01,3
7/8/2022,AGO 22,P01,SUR,377359,6473238,PRIMARIA,AT-RD-SR-GC,1,0,1,0,0,SIOSEL_PAJONAL,,1,1,0,1,0,P01,3
6/8/2021,AGO 21,P02,NORTE,379881,6471466,EXTRA,AT-AdM,1,1,4,3,"0,131999999284744",SIOSEL_PAJONAL,5,8,1,1,1,1,P02,3
2/8/2022,AGO 22,P02,NORTE,379881,6471466,EXTRA,RD-SRV,0,0,0,0,0,SIOSEL_PAJONAL,15,0,0,0,0,0,P02,3
11/2/2022,FEB 22,P02,NORTE,379881,6471466,EXTRA,AF-RD,0,0,0,0,0,SIOSEL_PAJONAL,0,0,0,0,0,0,P02,7
8/2/2021,FEB 21,P02,NORTE,379881,6471466,EXTRA,GN - VL - RD,1,0,0,1,"0,0359999984502792",SIOSEL_PAJONAL,5,1,1,1,0,0,P02,7
11/2/2022,FEB 22,P03,NORTE,378802,6471540,EXTRA,MP-AdM,0,0,0,0,0,SIOSEL_PAJONAL,5,0,0,0,0,0,P03,2
4/8/2021,AGO 21,P03,NORTE,378802,6471540,EXTRA,AdM-SS-JA,1,0,0,1,"0,068000003695488",SIOSEL_PAJONAL,0,1,1,1,0,0,P03,3
6/8/2022,AGO 22,P03,NORTE,378802,6471540,EXTRA,AT-ER-SR-SM,1,0,3,50,"2,60999989509583",SIOSEL_PAJONAL,30,53,1,1,1,0,P03,3
8/2/2021,FEB 21,P03,NORTE,378802,6471540,EXTRA,GN - VL - RD,0,0,0,0,0,SIOSEL_PAJONAL,5,0,0,0,0,0,P03,7
9/8/2022,AGO 22,P04,NORTE,384472,6471915,EXTRA,RD-SRV-NM,1,0,5,0,0,SIOSEL_PAJONAL,5,5,1,0,1,0,P04,3
2/8/2021,AGO 21,P04,NORTE,384472,6471915,EXTRA,AdM-SS-JA,1,0,1,0,0,SIOSEL_PAJONAL,20,1,1,0,1,0,P04,3
9/2/2022,FEB 22,P04,NORTE,384472,6471915,EXTRA,MP-AdM,0,0,0,0,0,SIOSEL_PAJONAL,5,0,0,0,0,0,P04,7
8/2/2021,FEB 21,P04,NORTE,384472,6471915,EXTRA,AdM - AT,0,0,0,0,0,SIOSEL_PAJONAL,5,0,0,0,0,0,P04,7
2/8/2022,AGO 22,P05,NORTE,381416,6471241,EXTRA,RD-SRV,0,0,0,0,0,SIOSEL_PAJONAL,5,0,0,0,0,0,P05,2
2/8/2021,AGO 21,P05,NORTE,381416,6471241,EXTRA,GN-CS-NM,1,0,0,4,"1,16400003433228",SIOSEL_PAJONAL,5,4,1,1,0,0,P05,3
8/2/2021,FEB 21,P05,NORTE,381416,6471241,EXTRA,GN - FS - VL - NM - RD,1,0,0,1,"0,0500000007450581",SIOSEL_PAJONAL,1,1,1,1,0,0,P05,7
9/2/2022,FEB 22,P05,NORTE,381416,6471241,EXTRA,MP-AdM,1,1,0,4,"0,0949999988079071",SIOSEL_PAJONAL,0,5,1,1,0,1,P05,7
7/8/2022,AGO 22,P06,NORTE,376894,6472111,EXTRA,AT-GC,1,0,0,50,"3,29699993133545",SIOSEL_PAJONAL,5,50,1,1,0,0,P06,3
4/8/2021,AGO 21,P06,NORTE,376894,6472111,EXTRA,AT-PAF-BD,1,2,6,57,"3,73699998855591",SIOSEL_PAJONAL,45,65,1,1,1,1,P06,3
12/2/2022,FEB 22,P06,NORTE,376894,6472111,EXTRA,MP-AdM,1,1,0,4,"0,0399999991059303",SIOSEL_PAJONAL,5,5,1,1,0,1,P06,3
8/2/2021,FEB 21,P06,NORTE,376894,6472111,EXTRA,AdM - FS,0,0,0,0,0,SIOSEL_PAJONAL,5,0,0,0,0,0,P06,7
5/8/2021,AGO 21,P07,NORTE,377697,6472287,EXTRA,GN-CS-NM-SS,0,0,0,0,0,SIOSEL_PAJONAL,5,0,0,0,0,0,P07,3
8/2/2021,FEB 21,P07,NORTE,377697,6472287,EXTRA,NM - AT,1,0,0,3,"0,560999989509583",SIOSEL_PAJONAL,0,3,1,1,0,0,P07,3
7/8/2022,AGO 22,P07,NORTE,377697,6472287,EXTRA,RD-SRV,1,0,3,1,"0,0890000015497208",SIOSEL_PAJONAL,50,4,1,1,1,0,P07,3
12/2/2022,FEB 22,P07,NORTE,377697,6472287,EXTRA,MP-AdM,1,1,0,5,"0,0790000036358833",SIOSEL_PAJONAL,5,6,1,1,0,1,P07,3
9/2/2022,FEB 22,P08,NORTE,383242,6471431,EXTRA,AF-RD,0,0,0,0,0,SIOSEL_PAJONAL,5,0,0,0,0,0,P08,2
8/2/2021,FEB 21,P08,NORTE,383242,6471431,EXTRA,GN - FS - VL - NM - RD,0,0,0,0,0,SIOSEL_PAJONAL,1,0,0,0,0,0,P08,2
2/8/2022,AGO 22,P08,NORTE,383242,6471431,EXTRA,AdM-GC,1,0,1,17,"1,29999995231628",SIOSEL_PAJONAL,5,18,1,1,1,0,P08,3
2/8/2021,AGO 21,P08,NORTE,383242,6471431,EXTRA,AdM-SS-JA,1,0,1,3,"0,0979999974370003",SIOSEL_PAJONAL,5,4,1,1,1,0,P08,3
11/8/2021,AGO 21,P09,SUR,376066,6470998,EXTRA,PAF-JA,1,0,4,19,"1,08700001239777",SIOSEL_PAJONAL,10,23,1,1,1,0,P09,3
8/8/2022,AGO 22,P09,SUR,376066,6470998,EXTRA,RD-SRV-NM,1,0,0,3,"0,0920000001788139",SIOSEL_PAJONAL,5,3,1,1,0,0,P09,3
9/2/2021,FEB 21,P09,SUR,376066,6470998,EXTRA,FS - VL - RD,1,0,1,0,0,SIOSEL_PAJONAL,1,1,1,0,1,0,P09,7
16/2/2022,FEB 22,P09,SUR,376066,6470998,EXTRA,AF-RD,0,0,0,0,0,SIOSEL_PAJONAL,5,0,0,0,0,0,P09,7
9/2/2021,FEB 21,P10,SUR,375451,6470143,EXTRA,AdM - AT,1,0,1,0,0,SIOSEL_PAJONAL,5,1,1,0,1,0,P10,3
8/8/2022,AGO 22,P10,SUR,375451,6470143,EXTRA,AT-ER-SM,0,0,0,0,0,SIOSEL_PAJONAL,0,0,0,0,0,0,P10,3
11/8/2021,AGO 21,P10,SUR,375451,6470143,EXTRA,AdM-AT,1,3,2,1,"0,0320000015199184",SIOSEL_PAJONAL,20,6,1,1,1,1,P10,3
16/2/2022,FEB 22,P10,SUR,375451,6470143,EXTRA,MP-AdM,1,2,0,0,0,SIOSEL_PAJONAL,0,2,1,0,0,1,P10,7
10/8/2022,AGO 22,P11,SUR,378660,6469947,EXTRA,NM-RD,1,0,2,0,0,SIOSEL_PAJONAL,,2,1,0,1,0,P11,2
10/8/2021,AGO 21,P11,SUR,378660,6469947,EXTRA,AdM-JA,1,0,0,8,"0,458999991416931",SIOSEL_PAJONAL,5,8,1,1,0,0,P11,3
18/2/2022,FEB 22,P11,SUR,378660,6469947,EXTRA,AF-RD-SRV,1,0,0,1,"0,287999987602234",SIOSEL_PAJONAL,5,1,1,1,0,0,P11,7
9/2/2021,FEB 21,P11,SUR,378660,6469947,EXTRA,FS - VL - RD,0,0,0,0,0,SIOSEL_PAJONAL,5,0,0,0,0,0,P11,7
10/8/2021,AGO 21,P12,SUR,379963,6469823,EXTRA,AdM-AT,1,3,2,0,0,SIOSEL_PAJONAL,5,5,1,0,1,1,P12,3
10/8/2022,AGO 22,P12,SUR,379963,6469823,EXTRA,AT-SM,1,0,1,0,0,SIOSEL_PAJONAL,5,1,1,0,1,0,P12,7
18/2/2022,FEB 22,P12,SUR,379963,6469823,EXTRA,MP-AdM,0,0,0,0,0,SIOSEL_PAJONAL,5,0,0,0,0,0,P12,7
9/2/2021,FEB 21,P12,SUR,379963,6469823,EXTRA,NM - GN ,0,0,0,0,0,SIOSEL_PAJONAL,1,0,0,0,0,0,P12,7
16/2/2022,FEB 22,P13,SUR,376614,6469734,EXTRA,AF-RD,1,0,0,7,"3,98300004005432",SIOSEL_PAJONAL,20,7,1,1,0,0,P13,2
11/8/2021,AGO 21,P13,SUR,376614,6469734,EXTRA,AdM-AT,1,0,28,61,"13,0349998474121",SIOSEL_PAJONAL,65,89,1,1,1,0,P13,3
8/8/2022,AGO 22,P13,SUR,376614,6469734,EXTRA,AdM-GC,1,0,7,5,"0,157000005245209",SIOSEL_PAJONAL,20,12,1,1,1,0,P13,3
9/2/2021,FEB 21,P13,SUR,376614,6469734,EXTRA,NM - GN ,1,0,0,6,"2,48600006103516",SIOSEL_PAJONAL,1,6,1,1,0,0,P13,7
11/8/2022,AGO 22,P14,SUR,383400,6469163,EXTRA,AdM-ER,0,0,0,0,0,SIOSEL_PAJONAL,5,0,0,0,0,0,P14,3
7/8/2021,AGO 21,P14,SUR,383400,6469163,EXTRA,AdM-SS-JA,1,0,1,4,"0,164000004529953",SIOSEL_PAJONAL,10,5,1,1,1,0,P14,3
19/2/2022,FEB 22,P14,SUR,383400,6469163,EXTRA,AF-RD-SRV,1,2,0,11,"13,8430004119873",SIOSEL_PAJONAL,5,13,1,1,0,1,P14,7
9/2/2021,FEB 21,P14,SUR,383400,6469163,EXTRA,NM - GN ,1,0,0,8,"10,0830001831055",SIOSEL_PAJONAL,0,8,1,1,0,0,P14,7
15/2/2022,FEB 22,S01,SUR,"375211,6875",6473639,PRIMARIA,AF-RD,1,0,0,1,"0,257999986410141",SIOSEL_ARBUSTAL,40,1,1,1,0,0,S01,2
12/8/2021,AGO 21,S01,SUR,"375211,6875",6473639,PRIMARIA,GN-CS-NM,1,0,2,0,0,SIOSEL_ARBUSTAL,10,2,1,0,1,0,S01,3
8/8/2022,AGO 22,S01,SUR,"375211,6875",6473639,PRIMARIA,AT-ER-SM,1,0,13,0,0,SIOSEL_ARBUSTAL,15,13,1,0,1,0,S01,3
14/2/2020,FEB 20,S01,SUR,"375211,6875",6473639,PRIMARIA,GN-AF-SS,0,0,0,0,0,SIOSEL_ARBUSTAL,1,0,0,0,0,0,S01,3
2/2/2021,FEB 21,S01,SUR,"375211,6875",6473639,PRIMARIA,GN - BH - VL - RG,0,0,0,0,0,SIOSEL_ARBUSTAL,5,0,0,0,0,0,S01,7
15/2/2022,FEB 22,S02,SUR,"375556,6875",6473624,PRIMARIA,MP-AdM,0,0,0,0,0,SIOSEL_PASTIZAL,10,0,0,0,0,0,S02,2
8/8/2022,AGO 22,S02,SUR,"375556,6875",6473624,PRIMARIA,RD-SRV-NM,0,0,0,0,0,SIOSEL_PASTIZAL,5,0,0,0,0,0,S02,2
2/2/2021,FEB 21,S02,SUR,"375556,6875",6473624,PRIMARIA,AT - BD - NM,0,0,0,0,0,SIOSEL_PASTIZAL,5,0,0,0,0,0,S02,2
12/8/2021,AGO 21,S02,SUR,"375556,6875",6473624,PRIMARIA,PAF-JA,0,0,0,0,0,SIOSEL_PASTIZAL,5,0,0,0,0,0,S02,2
14/2/2020,FEB 20,S02,SUR,"375556,6875",6473624,PRIMARIA,GN-AF-SS,0,0,0,0,0,SIOSEL_PASTIZAL,0,0,0,0,0,0,S02,2
14/2/2020,FEB 20,S03,SUR,"375076,6875",6472754,PRIMARIA,GN-AF-SS,0,0,0,0,0,BOSQUE_SUELODESNUDO,5,0,0,0,0,0,S03,7
2/2/2021,FEB 21,S03,SUR,"375076,6875",6472754,PRIMARIA,AdM - FS - RD,0,0,0,0,0,BOSQUE_SUELODESNUDO,40,0,0,0,0,0,S03,7
15/2/2022,FEB 22,S03,SUR,"375076,6875",6472754,PRIMARIA,GN-NP,1,1,0,0,0,BOSQUE_SUELODESNUDO,100,1,1,0,0,1,S03,7
8/8/2022,AGO 22,S03,SUR,"375076,6875",6472754,PRIMARIA,AdM-GC,1,4,0,8,"0,0949999988079071",BOSQUE_SUELODESNUDO,0,12,1,1,0,1,S03,7
12/8/2021,AGO 21,S03,SUR,"375076,6875",6472754,PRIMARIA,AdM-JA-PAF-AT-GN,1,1,0,3,"0,0299999993294477",BOSQUE_SUELODESNUDO,5,4,1,1,0,1,S03,7
8/8/2022,AGO 22,S04,SUR,"375991,6875",6472064,PRIMARIA,AdM-GC,1,0,3,0,0,SIOSEL_PASTIZAL,5,3,1,0,1,0,S04,2
14/2/2020,FEB 20,S04,SUR,"375991,6875",6472064,PRIMARIA,AdM-GR,0,0,0,0,0,SIOSEL_PASTIZAL,0,0,0,0,0,0,S04,2
12/8/2021,AGO 21,S04,SUR,"375991,6875",6472064,PRIMARIA,AdM-AT,1,1,3,2,"0,090999998152256",SIOSEL_PASTIZAL,5,6,1,1,1,1,S04,2
2/2/2021,FEB 21,S04,SUR,"375991,6875",6472064,PRIMARIA,AdM - FS - RD,1,0,2,2,"0,034000001847744",SIOSEL_PASTIZAL,5,4,1,1,1,0,S04,2
15/2/2022,FEB 22,S04,SUR,"375991,6875",6472064,PRIMARIA,MP-AdM,0,0,0,0,0,SIOSEL_PASTIZAL,10,0,0,0,0,0,S04,2
15/2/2022,FEB 22,S05,SUR,"375706,6875",6471989,PRIMARIA,AF-RD,0,0,0,0,0,SIOSEL_ARBUSTAL,60,0,0,0,0,0,S05,2
12/8/2021,AGO 21,S05,SUR,"375706,6875",6471989,PRIMARIA,PAF-JA,1,0,2,4,"0,129999995231628",SIOSEL_ARBUSTAL,10,6,1,1,1,0,S05,3
8/8/2022,AGO 22,S05,SUR,"375706,6875",6471989,PRIMARIA,AT-SM-ER,1,1,11,6,"0,0179999992251396",SIOSEL_ARBUSTAL,30,18,1,1,1,1,S05,3
14/2/2020,FEB 20,S05,SUR,"375706,6875",6471989,PRIMARIA,AdM-GR,0,0,0,0,0,SIOSEL_ARBUSTAL,20,0,0,0,0,0,S05,3
2/2/2021,FEB 21,S05,SUR,"375706,6875",6471989,PRIMARIA,GN - BH - VL ,1,0,0,2,"0,273999989032745",SIOSEL_ARBUSTAL,20,2,1,1,0,0,S05,7
14/2/2020,FEB 20,S06,SUR,"375316,6875",6471644,PRIMARIA,AdM-GR,0,0,0,0,0,SIOSEL_ARBUSTAL,10,0,0,0,0,0,S06,3
8/8/2022,AGO 22,S06,SUR,"375316,6875",6471644,PRIMARIA,RD-SRV-NM,0,0,0,0,0,SIOSEL_ARBUSTAL,10,0,0,0,0,0,S06,3
12/8/2021,AGO 21,S06,SUR,"375316,6875",6471644,PRIMARIA,GN-CS-NM,1,5,1,1,0,SIOSEL_ARBUSTAL,5,7,1,1,1,1,S06,7
15/2/2022,FEB 22,S06,SUR,"375316,6875",6471644,PRIMARIA,GN-NP,0,0,0,0,0,SIOSEL_ARBUSTAL,0,0,0,0,0,0,S06,7
2/2/2021,FEB 21,S06,SUR,"375316,6875",6471644,PRIMARIA,AT - BD - NM,0,0,0,0,0,SIOSEL_ARBUSTAL,10,0,0,0,0,0,S06,7
11/2/2020,FEB 20,S07,SUR,"375916,6875",6471539,PRIMARIA,AdM-PAF-GR-RG-GN-AF-SS,1,0,0,1,"0,448000013828278",SIOSEL_PAJONAL,10,1,1,1,0,0,S07,3
8/8/2022,AGO 22,S07,SUR,"375916,6875",6471539,PRIMARIA,AT-SM,1,0,12,11,"0,0860000029206276",SIOSEL_PAJONAL,10,23,1,1,1,0,S07,3
5/2/2021,FEB 21,S07,SUR,"375916,6875",6471539,PRIMARIA,AdM - AT - GN - BH - RD,1,0,23,17,"5,8769998550415",SIOSEL_PAJONAL,5,40,1,1,1,0,S07,3
12/8/2021,AGO 21,S07,SUR,"375916,6875",6471539,PRIMARIA,AdM-AT,1,0,14,21,"1,42999994754791",SIOSEL_PAJONAL,30,35,1,1,1,0,S07,3
16/2/2022,FEB 22,S07,SUR,"375916,6875",6471539,PRIMARIA,NM-NP-GN,0,0,0,0,0,SIOSEL_PAJONAL,80,0,0,0,0,0,S07,7
10/2/2020,FEB 20,S07A,SUR,"375916,6875",6471554,SECUNDARIA,GN-AF-SS,0,0,0,0,0,SIOSEL_PAJONAL,1,0,0,0,0,0,S07A,1
10/2/2020,FEB 20,S07B,SUR,"375931,6875",6471539,SECUNDARIA,GN-AF-SS,0,0,0,0,0,SIOSEL_PAJONAL,1,0,0,0,0,0,S07B,1
10/2/2020,FEB 20,S07C,SUR,"375916,6875",6471524,SECUNDARIA,GN-AF-SS,1,0,0,2,"0,837000012397766",SIOSEL_PASTIZAL,0,2,1,1,0,0,S07C,5
11/2/2020,FEB 20,S07D,SUR,"375901,6875",6471539,SECUNDARIA,AdM-PAF-GR,1,0,1,4,"1,82700002193451",BOSQUE_SUELODESNUDO,85,5,1,1,1,0,S07D,5
11/2/2020,FEB 20,S07E,SUR,"375901,6875",6471554,SECUNDARIA,AdM-PAF-GR,1,0,1,2,"1,01300001144409",BOSQUE_PASTIZAL,5,3,1,1,1,0,S07E,5
11/2/2020,FEB 20,S07F,SUR,"375901,6875",6471524,SECUNDARIA,AdM-PAF-GR,1,0,0,1,"0,896000027656555",BOSQUE_SUELODESNUDO,15,1,1,1,0,0,S07F,5
11/2/2020,FEB 20,S07G,SUR,"375886,6875",6471539,SECUNDARIA,AdM-PAF-GR,0,0,0,0,0,BOSQUE_PASTIZAL,5,0,0,0,0,0,S07G,5
11/2/2020,FEB 20,S07H,SUR,"375901,6875",6471509,SECUNDARIA,AdM-PAF-GR,0,0,0,0,0,SIOSEL_PASTIZAL,1,0,0,0,0,0,S07H,5
11/2/2020,FEB 20,S07I,SUR,"375886,6875",6471524,SECUNDARIA,AdM-PAF-GR,1,0,0,1,"0,449000000953674",BOSQUE_PASTIZAL,5,1,1,1,0,0,S07I,5
10/2/2020,FEB 20,S07J,SUR,"375931,6875",6471524,SECUNDARIA,GN-AF-SS,1,0,0,3,"0,695999979972839",SIOSEL_PASTIZAL,2,3,1,1,0,0,S07J,5
10/2/2020,FEB 20,S07K,SUR,"375916,6875",6471509,SECUNDARIA,GN-AF-SS,0,0,0,0,0,BOSQUE_MATORRAL,2,0,0,0,0,0,S07K,5
11/2/2020,FEB 20,S07L,SUR,"375886,6875",6471509,SECUNDARIA,AdM-PAF-GR,0,0,0,0,0,BOSQUE_PASTIZAL,5,0,0,0,0,0,S07L,5
11/2/2020,FEB 20,S07M,SUR,"375871,6875",6471524,SECUNDARIA,AdM-PAF-GR,0,0,0,0,0,SIOSEL_PASTIZAL,5,0,0,0,0,0,S07M,5
10/2/2020,FEB 20,S07N,SUR,"375946,6875",6471524,SECUNDARIA,GN-AF-SS,0,0,0,0,0,SIOSEL_PASTIZAL,0,0,0,0,0,0,S07N,5
10/2/2020,FEB 20,S07O,SUR,"375931,6875",6471509,SECUNDARIA,GN-AF-SS,0,0,0,0,0,SIOSEL_PASTIZAL,1,0,0,0,0,0,S07O,6
10/2/2020,FEB 20,S07P,SUR,"375901,6875",6471569,SECUNDARIA,GN-AF-SS,0,0,0,0,0,SIOSEL_PASTIZAL,4,0,0,0,0,0,S07P,6
11/2/2020,FEB 20,S07Q,SUR,"375886,6875",6471554,SECUNDARIA,AdM-PAF-GR,1,0,0,1,"0,540000021457672",SIOSEL_PAJONAL,3,1,1,1,0,0,S07Q,5
11/2/2020,FEB 20,S07R,SUR,"375886,6875",6471569,SECUNDARIA,AdM-PAF-GR,0,0,0,0,0,BOSQUE_PAJONAL,5,0,0,0,0,0,S07R,5
11/2/2020,FEB 20,S07S,SUR,"375871,6875",6471554,SECUNDARIA,AdM-PAF-GR,0,0,0,0,0,SIOSEL_PAJONAL,5,0,0,0,0,0,S07S,5
10/8/2022,AGO 22,S08,SUR,"377611,6875",6471269,PRIMARIA,AdM-ER,1,0,2,1,"0,0240000002086163",BOSQUE_SUELODESNUDO,50,3,1,1,1,0,S08,3
12/2/2020,FEB 20,S08,SUR,"377611,6875",6471269,PRIMARIA,AdM-GR,0,0,0,0,0,BOSQUE_SUELODESNUDO,60,0,0,0,0,0,S08,3
11/8/2021,AGO 21,S08,SUR,"377611,6875",6471269,PRIMARIA,AdM-AT,1,1,10,11,"0,222000002861023",BOSQUE_SUELODESNUDO,30,22,1,1,1,1,S08,7
18/2/2022,FEB 22,S08,SUR,"377611,6875",6471269,PRIMARIA,MP-AdM,1,1,0,8,"0,0920000001788139",BOSQUE_SUELODESNUDO,20,9,1,1,0,1,S08,7
4/2/2021,FEB 21,S08,SUR,"377611,6875",6471269,PRIMARIA,AdM - FS - RD,1,0,0,3,"0,243000000715256",BOSQUE_SUELODESNUDO,10,3,1,1,0,0,S08,7
4/2/2021,FEB 21,S09,SUR,"378121,6875",6471044,PRIMARIA,AT - BD - NM,1,0,0,4,"0,0230000000447035",SIOSEL_PASTIZAL,5,4,1,1,0,0,S09,2
11/8/2021,AGO 21,S09,SUR,"378121,6875",6471044,PRIMARIA,GN-CS-NM,1,1,0,0,0,SIOSEL_PASTIZAL,0,1,1,0,0,1,S09,2
18/2/2022,FEB 22,S09,SUR,"378121,6875",6471044,PRIMARIA,NM-NP-GN,1,0,0,1,"0,275000005960465",SIOSEL_PASTIZAL,30,1,1,1,0,0,S09,2
10/8/2022,AGO 22,S09,SUR,"378121,6875",6471044,PRIMARIA,AT-SM,1,0,2,2,"0,0189999993890524",SIOSEL_PASTIZAL,35,4,1,1,1,0,S09,2
12/2/2020,FEB 20,S09,SUR,"378121,6875",6471044,PRIMARIA,AdM-GR,0,0,0,0,0,SIOSEL_PASTIZAL,3,0,0,0,0,0,S09,2
18/2/2022,FEB 22,S10,SUR,"379861,6875",6470909,PRIMARIA,MP-AdM,1,0,0,17,"0,38400000333786",PALMAR_PASTIZAL,10,17,1,1,0,0,S10,2
10/8/2021,AGO 21,S10,SUR,"379861,6875",6470909,PRIMARIA,AdM-GN-JA-PAF,1,2,0,22,"1,05099999904633",PALMAR_PASTIZAL,10,24,1,1,0,1,S10,2
10/8/2022,AGO 22,S10,SUR,"379861,6875",6470909,PRIMARIA,AdM-AT,1,0,2,28,"0,470999985933304",PALMAR_PASTIZAL,20,30,1,1,1,0,S10,2
5/2/2021,FEB 21,S10,SUR,"379861,6875",6470909,PRIMARIA,AT - BD - NM,1,0,4,3,"0,120999999344349",PALMAR_PASTIZAL,50,7,1,1,1,0,S10,4
13/2/2020,FEB 20,S10,SUR,"379861,6875",6470909,PRIMARIA,GN-AF-SS,0,0,0,0,0,PALMAR_PASTIZAL,50,0,0,0,0,0,S10,2
12/2/2020,FEB 20,S11,SUR,"375961,6875",6470699,PRIMARIA,AdM-GR,0,0,0,0,0,BOSQUE_PASTIZAL,3,0,0,0,0,0,S11,2
8/8/2022,AGO 22,S11,SUR,"375961,6875",6470699,PRIMARIA,RD-SRV-NM,1,0,35,0,0,BOSQUE_PASTIZAL,20,35,1,0,1,0,S11,3
11/8/2021,AGO 21,S11,SUR,"375961,6875",6470699,PRIMARIA,PAF-JA,1,1,2,12,"3,16499996185303",BOSQUE_PASTIZAL,30,15,1,1,1,1,S11,3
16/2/2022,FEB 22,S11,SUR,"375961,6875",6470699,PRIMARIA,AF-RD,1,2,0,0,0,BOSQUE_PASTIZAL,10,2,1,0,0,1,S11,7
4/2/2021,FEB 21,S11,SUR,"375961,6875",6470699,PRIMARIA,AT - BD - NM,0,0,0,0,0,BOSQUE_PASTIZAL,5,0,0,0,0,0,S11,7
12/2/2020,FEB 20,S12,SUR,"377731,6875",6470684,PRIMARIA,AdM-GR,1,0,1,0,0,SIOSEL_PAJONAL,20,1,1,0,1,0,S12,3
18/2/2022,FEB 22,S12,SUR,"377731,6875",6470684,PRIMARIA,AF-RD-SRV,0,0,0,0,0,SIOSEL_PAJONAL,20,0,0,0,0,0,S12,2
10/8/2022,AGO 22,S12,SUR,"377731,6875",6470684,PRIMARIA,NM-RD,1,0,5,2,"0,933000028133392",SIOSEL_PAJONAL,25,7,1,1,1,0,S12,3
11/8/2021,AGO 21,S12,SUR,"377731,6875",6470684,PRIMARIA,PAF-JA,1,0,1,3,"0,146999999880791",SIOSEL_PAJONAL,10,4,1,1,1,0,S12,3
9/2/2021,FEB 21,S12,SUR,"377731,6875",6470684,PRIMARIA,AdM - AT,1,0,0,3,"0,0689999982714653",SIOSEL_PAJONAL,5,3,1,1,0,0,S12,7
13/2/2020,FEB 20,S12A,SUR,"377731,6875",6470699,SECUNDARIA,AdM-GR,0,0,0,0,0,SIOSEL_PAJONAL,15,0,0,0,0,0,S12A,1
13/2/2020,FEB 20,S12B,SUR,"377746,6875",6470684,SECUNDARIA,AdM-GR,0,0,0,0,0,SIOSEL_PAJONAL,20,0,0,0,0,0,S12B,1
13/2/2020,FEB 20,S12C,SUR,"377731,6875",6470669,SECUNDARIA,AdM-GR,1,0,3,0,0,SIOSEL_PAJONAL,20,3,1,0,1,0,S12C,1
13/2/2020,FEB 20,S12D,SUR,"377716,6875",6470684,SECUNDARIA,AdM-GR,0,0,0,0,0,SIOSEL_PAJONAL,0,0,0,0,0,0,S12D,5
13/2/2020,FEB 20,S12E,SUR,"377746,6875",6470669,SECUNDARIA,AdM-GR,0,0,0,0,0,SIOSEL_PAJONAL,10,0,0,0,0,0,S12E,1
13/2/2020,FEB 20,S12F,SUR,"377731,6875",6470654,SECUNDARIA,AdM-GR,0,0,0,0,0,SIOSEL_PAJONAL,10,0,0,0,0,0,S12F,1
13/2/2020,FEB 20,S12G,SUR,"377716,6875",6470669,SECUNDARIA,AdM-GR,0,0,0,0,0,SIOSEL_PAJONAL,3,0,0,0,0,0,S12G,5
10/8/2022,AGO 22,S13,SUR,"377761,6875",6470639,PRIMARIA,NM-RD,0,0,0,0,0,PALMAR_ARBUSTAL,25,0,0,0,0,0,S13,2
4/2/2021,FEB 21,S13,SUR,"377761,6875",6470639,PRIMARIA,GN - BH - VL,1,2,0,0,0,PALMAR_ARBUSTAL,60,2,1,0,0,1,S13,2
18/2/2022,FEB 22,S13,SUR,"377761,6875",6470639,PRIMARIA,AF-RD-SRV,0,0,0,0,0,PALMAR_ARBUSTAL,60,0,0,0,0,0,S13,2
11/8/2021,AGO 21,S13,SUR,"377761,6875",6470639,PRIMARIA,PAF-JA,1,5,0,2,"0,135000005364418",PALMAR_ARBUSTAL,40,7,1,1,0,1,S13,4
12/2/2020,FEB 20,S13,SUR,"377761,6875",6470639,PRIMARIA,GN-AF-SS,1,5,0,0,0,PALMAR_ARBUSTAL,40,5,1,0,0,1,S13,2
12/2/2020,FEB 20,S13A,SUR,"377761,6875",6470654,SECUNDARIA,AdM-GR,0,0,0,0,0,PALMAR_PASTIZAL,5,0,0,0,0,0,S13A,2
12/2/2020,FEB 20,S13B,SUR,"377776,6875",6470639,SECUNDARIA,GN-AF-SS,0,0,0,0,0,PALMAR_PASTIZAL,20,0,0,0,0,0,S13B,6
12/2/2020,FEB 20,S13C,SUR,"377761,6875",6470624,SECUNDARIA,GN-AF-SS,1,1,0,0,0,PALMAR_PASTIZAL,1,1,1,0,0,1,S13C,6
12/2/2020,FEB 20,S13D,SUR,"377746,6875",6470639,SECUNDARIA,GN-AF-SS,0,0,0,0,0,PALMAR_PASTIZAL,1,0,0,0,0,0,S13D,6
12/2/2020,FEB 20,S13E,SUR,"377776,6875",6470624,SECUNDARIA,GN-AF-SS,0,0,0,0,0,PALMAR_PASTIZAL,0,0,0,0,0,0,S13E,5
12/2/2020,FEB 20,S13F,SUR,"377761,6875",6470609,SECUNDARIA,GN-AF-SS,0,0,0,0,0,PALMAR_PASTIZAL,5,0,0,0,0,0,S13F,5
12/2/2020,FEB 20,S13G,SUR,"377746,6875",6470624,SECUNDARIA,GN-AF-SS,0,0,0,0,0,PALMAR_PASTIZAL,10,0,0,0,0,0,S13G,6
10/8/2021,AGO 21,S14,SUR,"378496,6875",6470519,PRIMARIA,AdM-AT-JA,1,1,0,0,0,SIOSEL_PASTIZAL,20,1,1,0,0,1,S14,2
15/2/2020,FEB 20,S14,SUR,"378496,6875",6470519,PRIMARIA,AdM-GR,0,0,0,0,0,SIOSEL_PASTIZAL,10,0,0,0,0,0,S14,2
4/2/2021,FEB 21,S14,SUR,"378496,6875",6470519,PRIMARIA,AdM - FS - RD,1,0,2,1,"0,556999981403351",SIOSEL_PASTIZAL,10,3,1,1,1,0,S14,2
18/2/2022,FEB 22,S14,SUR,"378496,6875",6470519,PRIMARIA,AF-RD-SRV,1,0,1,1,0,SIOSEL_PASTIZAL,30,2,1,1,1,0,S14,2
10/8/2022,AGO 22,S14,SUR,"378496,6875",6470519,PRIMARIA,AdM-ER,0,0,0,0,0,SIOSEL_PASTIZAL,50,0,0,0,0,0,S14,2
4/2/2021,FEB 21,S15,SUR,"376381,6875",6470474,PRIMARIA,GN - BH - VL,0,0,0,0,0,PALMAR_PASTIZAL,10,0,0,0,0,0,S15,2
16/2/2022,FEB 22,S15,SUR,"376381,6875",6470474,PRIMARIA,NM-NP-GN,0,0,0,0,0,PALMAR_PASTIZAL,5,0,0,0,0,0,S15,2
8/8/2022,AGO 22,S15,SUR,"376381,6875",6470474,PRIMARIA,RD-SRV-NM,1,0,4,0,0,PALMAR_PASTIZAL,10,4,1,0,1,0,S15,2
11/8/2021,AGO 21,S15,SUR,"376381,6875",6470474,PRIMARIA,GN-CS-NM,1,0,0,1,0,PALMAR_PASTIZAL,5,1,1,1,0,0,S15,2
11/2/2020,FEB 20,S15,SUR,"376381,6875",6470474,PRIMARIA,GN-AF-SS,0,0,0,0,0,PALMAR_PASTIZAL,0,0,0,0,0,0,S15,2
4/2/2021,FEB 21,S16,SUR,"375751,6875",6470414,PRIMARIA,AdM - FS - RD,1,0,1,0,0,SIOSEL_PASTIZAL,10,1,1,0,1,0,S16,2
16/2/2022,FEB 22,S16,SUR,"375751,6875",6470414,PRIMARIA,MP-AdM,1,0,0,3,"0,300000011920929",SIOSEL_PASTIZAL,10,3,1,1,0,0,S16,2
8/8/2022,AGO 22,S16,SUR,"375751,6875",6470414,PRIMARIA,AT-ER-SM,1,0,4,4,"0,0370000004768372",SIOSEL_PASTIZAL,5,8,1,1,1,0,S16,3
11/2/2020,FEB 20,S16,SUR,"375751,6875",6470414,PRIMARIA,GN-AF-SS,0,0,0,0,0,SIOSEL_PASTIZAL,1,0,0,0,0,0,S16,2
11/8/2021,AGO 21,S16,SUR,"375751,6875",6470414,PRIMARIA,GN-CS-NM,1,1,0,2,"0,5799999833107",SIOSEL_PASTIZAL,10,3,1,1,0,1,S16,7
10/8/2022,AGO 22,S17,SUR,"378976,6875",6470294,PRIMARIA,AT-SM,1,0,7,1,"0,00300000002607703",SIOSEL_PASTIZAL,5,8,1,1,1,0,S17,2
10/8/2021,AGO 21,S17,SUR,"378976,6875",6470294,PRIMARIA,PAF-JA,1,2,0,15,"1,75600004196167",SIOSEL_PASTIZAL,5,17,1,1,0,1,S17,2
22/2/2022,FEB 22,S17,SUR,"378976,6875",6470294,PRIMARIA,MP-NP-SR-RD-AdM,0,0,0,0,0,SIOSEL_PASTIZAL,10,0,0,0,0,0,S17,4
4/2/2021,FEB 21,S17,SUR,"378976,6875",6470294,PRIMARIA,AT - BD - NM,1,0,0,2,"0,0160000007599592",SIOSEL_PASTIZAL,10,2,1,1,0,0,S17,4
13/2/2020,FEB 20,S17,SUR,"378976,6875",6470294,PRIMARIA,GN-AF-SS,0,0,0,0,0,SIOSEL_PASTIZAL,30,0,0,0,0,0,S17,4
2/2/2021,FEB 21,S18,SUR,"375106,6875",6470174,PRIMARIA,AT - BD - NM,0,0,0,0,0,SIOSEL_PASTIZAL,5,0,0,0,0,0,S18,2
11/8/2021,AGO 21,S18,SUR,"375106,6875",6470174,PRIMARIA,AdM-AT,1,0,1,0,0,SIOSEL_PASTIZAL,5,1,1,0,1,0,S18,2
15/2/2022,FEB 22,S18,SUR,"375106,6875",6470174,PRIMARIA,GN-NP,1,0,0,1,"0,115000002086163",SIOSEL_PASTIZAL,5,1,1,1,0,0,S18,2
1/8/2022,AGO 22,S18,SUR,"375106,6875",6470174,PRIMARIA,RD-SRV,0,0,0,0,0,SIOSEL_PASTIZAL,5,0,0,0,0,0,S18,2
14/2/2020,FEB 20,S18,SUR,"375106,6875",6470174,PRIMARIA,GN-AF-SS,0,0,0,0,0,SIOSEL_PASTIZAL,0,0,0,0,0,0,S18,2
10/8/2021,AGO 21,S19,SUR,"380401,6875",6470129,PRIMARIA,AdM-JA,1,2,0,41,"14,5609998703003",PALMAR_PASTIZAL,10,43,1,1,0,1,S19,2
5/2/2021,FEB 21,S19,SUR,"380401,6875",6470129,PRIMARIA,GN - BH - VL,1,0,0,3,"1,68499994277954",PALMAR_PASTIZAL,20,3,1,1,0,0,S19,2
10/8/2022,AGO 22,S19,SUR,"380401,6875",6470129,PRIMARIA,NM-RD,1,0,0,9,"3,60199999809265",PALMAR_PASTIZAL,10,9,1,1,0,0,S19,2
18/2/2022,FEB 22,S19,SUR,"380401,6875",6470129,PRIMARIA,AF-RD-SRV,0,0,0,0,0,PALMAR_PASTIZAL,20,0,0,0,0,0,S19,2
15/2/2020,FEB 20,S19,SUR,"380401,6875",6470129,PRIMARIA,GN-AF-SS,0,0,0,0,0,PALMAR_PASTIZAL,0,0,0,0,0,0,S19,2
1/8/2022,AGO 22,S20,SUR,"375031,6875",6470114,PRIMARIA,RD-SRV,1,0,0,9,"0,0399999991059303",SIOSEL_ARBUSTAL,5,9,1,1,0,0,S20,2
11/8/2021,AGO 21,S20,SUR,"375031,6875",6470114,PRIMARIA,AdM-AT,1,1,0,0,0,SIOSEL_ARBUSTAL,5,1,1,0,0,1,S20,2
15/2/2022,FEB 22,S20,SUR,"375031,6875",6470114,PRIMARIA,RD-AF-NP-GN,0,0,0,0,0,SIOSEL_ARBUSTAL,5,0,0,0,0,0,S20,2
2/2/2021,FEB 21,S20,SUR,"375031,6875",6470114,PRIMARIA,GN - BH - VL,1,2,0,2,"0,41100001335144",SIOSEL_ARBUSTAL,,4,1,1,0,1,S20,2
14/2/2020,FEB 20,S20,SUR,"375031,6875",6470114,PRIMARIA,AdM-GR,0,0,0,0,0,SIOSEL_ARBUSTAL,1,0,0,0,0,0,S20,2
18/2/2022,FEB 22,S21,SUR,"379621,6875",6470099,PRIMARIA,NM-NP-GN,0,0,0,0,0,SIOSEL_PASTIZAL,0,0,0,0,0,0,S21,2
4/2/2021,FEB 21,S21,SUR,"379621,6875",6470099,PRIMARIA,GN - BH - VL,1,0,0,2,"0,310000002384186",SIOSEL_PASTIZAL,1,2,1,1,0,0,S21,2
10/8/2021,AGO 21,S21,SUR,"379621,6875",6470099,PRIMARIA,GN-CS-NM,1,1,1,0,0,SIOSEL_PASTIZAL,0,2,1,0,1,1,S21,2
10/8/2022,AGO 22,S21,SUR,"379621,6875",6470099,PRIMARIA,AT-SM,1,1,1,0,0,SIOSEL_PASTIZAL,5,2,1,0,1,1,S21,4
13/2/2020,FEB 20,S21,SUR,"379621,6875",6470099,PRIMARIA,GN-AF-SS,0,0,0,0,0,SIOSEL_PASTIZAL,2,0,0,0,0,0,S21,2
2/2/2021,FEB 21,S22,SUR,"375031,6875",6469979,PRIMARIA,AT - BD - NM,1,0,2,0,0,SIOSEL_PASTIZAL,2,2,1,0,1,0,S22,2
15/2/2022,FEB 22,S22,SUR,"375031,6875",6469979,PRIMARIA,AF-RD,1,0,1,1,"0,119999997317791",SIOSEL_PASTIZAL,50,2,1,1,1,0,S22,2
1/8/2022,AGO 22,S22,SUR,"375031,6875",6469979,PRIMARIA,AdM-GC,1,0,2,2,"0,109999999403954",SIOSEL_PASTIZAL,5,4,1,1,1,0,S22,2
11/8/2021,AGO 21,S22,SUR,"375031,6875",6469979,PRIMARIA,AdM-AT,1,1,3,5,"0,162000000476837",SIOSEL_PASTIZAL,10,9,1,1,1,1,S22,2
16/2/2020,FEB 20,S22,SUR,"375031,6875",6469979,PRIMARIA,GN-AF-SS,0,0,0,0,0,SIOSEL_PASTIZAL,0,0,0,0,0,0,S22,2
5/2/2021,FEB 21,S23,SUR,"380956,6875",6469979,PRIMARIA,AdM - FS - RD,0,0,0,0,0,SIOSEL_PASTIZAL,5,0,0,0,0,0,S23,4
10/8/2022,AGO 22,S23,SUR,"380956,6875",6469979,PRIMARIA,AdM-ER,1,0,0,10,"0,30799999833107",SIOSEL_PASTIZAL,0,10,1,1,0,0,S23,4
10/8/2021,AGO 21,S23,SUR,"380956,6875",6469979,PRIMARIA,AdM-JA,1,0,0,24,"0,53600001335144",SIOSEL_PASTIZAL,0,24,1,1,0,0,S23,4
15/2/2020,FEB 20,S23,SUR,"380956,6875",6469979,PRIMARIA,GN-AF-SS,0,0,0,0,0,SIOSEL_PASTIZAL,40,0,0,0,0,0,S23,4
18/2/2022,FEB 22,S23,SUR,"380956,6875",6469979,PRIMARIA,NM-NP-GN,0,0,0,0,0,SIOSEL_PASTIZAL,60,0,0,0,0,0,S23,7
1/8/2022,AGO 22,S24,SUR,"375151,6875",6469859,PRIMARIA,AdM-GC,1,1,2,2,"0,439999997615814",SIOSEL_PASTIZAL,5,5,1,1,1,1,S24,2
11/8/2021,AGO 21,S24,SUR,"375151,6875",6469859,PRIMARIA,AdM-AT,1,1,1,2,"0,257999986410141",SIOSEL_PASTIZAL,10,4,1,1,1,1,S24,2
2/2/2021,FEB 21,S24,SUR,"375151,6875",6469859,PRIMARIA,AdM - FS - RD,1,1,3,1,"0,0359999984502792",SIOSEL_PASTIZAL,5,5,1,1,1,1,S24,2
15/2/2022,FEB 22,S24,SUR,"375151,6875",6469859,PRIMARIA,MP-AdM,1,0,0,1,"4,03000020980835",SIOSEL_PASTIZAL,20,1,1,1,0,0,S24,2
16/2/2020,FEB 20,S24,SUR,"375151,6875",6469859,PRIMARIA,AdM-GR,0,0,0,0,0,SIOSEL_PASTIZAL,10,0,0,0,0,0,S24,2
4/2/2021,FEB 21,S25,SUR,"375856,6875",6469769,PRIMARIA,GN - BH - VL,1,0,0,1,"0,151999995112419",SIOSEL_ARBUSTAL,5,1,1,1,0,0,S25,2
11/8/2021,AGO 21,S25,SUR,"375856,6875",6469769,PRIMARIA,PAF-JA,1,0,0,3,"0,25",SIOSEL_ARBUSTAL,5,3,1,1,0,0,S25,2
8/8/2022,AGO 22,S25,SUR,"375856,6875",6469769,PRIMARIA,AT-ER-SM,1,0,1,11,"0,757000029087067",SIOSEL_ARBUSTAL,5,12,1,1,1,0,S25,2
16/2/2022,FEB 22,S25,SUR,"375856,6875",6469769,PRIMARIA,MP-AdM,1,0,0,2,"0,0839999988675118",SIOSEL_ARBUSTAL,30,2,1,1,0,0,S25,2
12/2/2020,FEB 20,S25,SUR,"375856,6875",6469769,PRIMARIA,AdM-GR,0,0,0,0,0,SIOSEL_ARBUSTAL,3,0,0,0,0,0,S25,2
4/2/2021,FEB 21,S26,SUR,"377491,6875",6469679,PRIMARIA,GN - BH - VL,0,0,0,0,0,PALMAR_PASTIZAL,20,0,0,0,0,0,S26,2
10/8/2022,AGO 22,S26,SUR,"377491,6875",6469679,PRIMARIA,NM-RD,0,0,0,0,0,PALMAR_PASTIZAL,20,0,0,0,0,0,S26,2
18/2/2022,FEB 22,S26,SUR,"377491,6875",6469679,PRIMARIA,MP-AdM,1,0,0,3,"0,028999999165535",PALMAR_PASTIZAL,10,3,1,1,0,0,S26,2
10/8/2021,AGO 21,S26,SUR,"377491,6875",6469679,PRIMARIA,AT-PAF,1,0,0,18,"0,563000023365021",PALMAR_PASTIZAL,5,18,1,1,0,0,S26,2
13/2/2020,FEB 20,S26,SUR,"377491,6875",6469679,PRIMARIA,GN-AF-SS-RG,0,0,0,0,0,PALMAR_PASTIZAL,1,0,0,0,0,0,S26,2
11/2/2020,FEB 20,S27,SUR,"376441,6875",6469529,PRIMARIA,GN-AF-SS,0,0,0,0,0,SIOSEL_PAJONAL,1,0,0,0,0,0,S27,3
8/8/2022,AGO 22,S27,SUR,"376441,6875",6469529,PRIMARIA,AdM-GC,1,0,4,1,"0,061999998986721",SIOSEL_PAJONAL,20,5,1,1,1,0,S27,2
4/2/2021,FEB 21,S27,SUR,"376441,6875",6469529,PRIMARIA,AT - BD - NM,0,0,0,0,0,SIOSEL_PAJONAL,10,0,0,0,0,0,S27,3
11/8/2021,AGO 21,S27,SUR,"376441,6875",6469529,PRIMARIA,NM-CS-PAF,0,0,0,0,0,SIOSEL_PAJONAL,5,0,0,0,0,0,S27,7
16/2/2022,FEB 22,S27,SUR,"376441,6875",6469529,PRIMARIA,NM-NP-GN,0,0,0,0,0,SIOSEL_PAJONAL,10,0,0,0,0,0,S27,7
12/2/2020,FEB 20,S28,SUR,"376036,6875",6469499,PRIMARIA,AdM-GR,1,0,2,0,0,BOSQUE_PASTIZAL,30,2,1,0,1,0,S28,2
8/8/2022,AGO 22,S28,SUR,"376036,6875",6469499,PRIMARIA,AdM-GC,0,0,0,0,0,BOSQUE_PASTIZAL,20,0,0,0,0,0,S28,2
4/2/2021,FEB 21,S28,SUR,"376036,6875",6469499,PRIMARIA,AdM - FS - RD,1,0,39,0,0,BOSQUE_PASTIZAL,25,39,1,0,1,0,S28,7
16/2/2022,FEB 22,S28,SUR,"376036,6875",6469499,PRIMARIA,MP-AdM,1,0,13,2,,BOSQUE_PASTIZAL,40,15,1,1,1,0,S28,7
11/8/2021,AGO 21,S28,SUR,"376036,6875",6469499,PRIMARIA,GN-CS-NM,0,0,0,0,0,BOSQUE_PASTIZAL,5,0,0,0,0,0,S28,7
12/2/2020,FEB 20,S28A,SUR,"376036,6875",6469514,SECUNDARIA,AdM-GR,0,0,0,0,0,SIOSEL_PASTIZAL,3,0,0,0,0,0,S28A,2
12/2/2020,FEB 20,S28B,SUR,"376051,6875",6469499,SECUNDARIA,AdM-GR,0,0,0,0,0,BOSQUE_PASTIZAL,30,0,0,0,0,0,S28B,2
12/2/2020,FEB 20,S28C,SUR,"376036,6875",6469484,SECUNDARIA,AdM-GR,0,0,0,0,0,BOSQUE_PASTIZAL,0,0,0,0,0,0,S28C,2
12/2/2020,FEB 20,S28D,SUR,"376021,6875",6469499,SECUNDARIA,AdM-GR,0,0,0,0,0,PALMAR_PASTIZAL,30,0,0,0,0,0,S28D,2
19/2/2022,FEB 22,S29,SUR,"382696,6875",6469469,PRIMARIA,NM-NP-GN,0,0,0,0,0,PALMAR_PASTIZAL,50,0,0,0,0,0,S29,4
7/8/2021,AGO 21,S29,SUR,"382696,6875",6469469,PRIMARIA,AT-PAF-BD,1,0,0,13,"0,398000001907349",PALMAR_PASTIZAL,35,13,1,1,0,0,S29,4
11/8/2022,AGO 22,S29,SUR,"382696,6875",6469469,PRIMARIA,AdM-AT,1,0,0,6,"0,0989999994635582",PALMAR_PASTIZAL,40,6,1,1,0,0,S29,4
5/2/2021,FEB 21,S29,SUR,"382696,6875",6469469,PRIMARIA,AdM - FS - RD,1,0,4,0,0,PALMAR_PASTIZAL,5,4,1,0,1,0,S29,4
18/2/2020,FEB 20,S29,SUR,"382696,6875",6469469,PRIMARIA,AdM-GR-AF-SS,0,0,0,0,0,PALMAR_PASTIZAL,10,0,0,0,0,0,S29,4
10/8/2022,AGO 22,S30,SUR,"377431,6875",6469394,PRIMARIA,NM-RD,0,0,0,0,0,PALMAR_PASTIZAL,5,0,0,0,0,0,S30,2
18/2/2022,FEB 22,S30,SUR,"377431,6875",6469394,PRIMARIA,MP-AdM,1,0,0,6,"0,666999995708466",PALMAR_PASTIZAL,5,6,1,1,0,0,S30,2
13/2/2020,FEB 20,S30,SUR,"377431,6875",6469394,PRIMARIA,GN-AF-SS-RG,0,0,0,0,0,PALMAR_PASTIZAL,30,0,0,0,0,0,S30,2
4/2/2021,FEB 21,S30,SUR,"377431,6875",6469394,PRIMARIA,AT - BD - NM,1,0,0,26,"1,76499998569489",PALMAR_PASTIZAL,10,26,1,1,0,0,S30,7
10/8/2021,AGO 21,S30,SUR,"377431,6875",6469394,PRIMARIA,GN-CS-NM,1,2,0,0,0,PALMAR_PASTIZAL,5,2,1,0,0,1,S30,7
18/2/2022,FEB 22,S31,SUR,"378136,6875",6469289,PRIMARIA,NM-NP-GN,0,0,0,0,0,SIOSEL_ARBUSTAL,15,0,0,0,0,0,S31,2
10/8/2021,AGO 21,S31,SUR,"378136,6875",6469289,PRIMARIA,AdM-JA,1,0,0,2,"0,0509999990463257",SIOSEL_ARBUSTAL,20,2,1,1,0,0,S31,3
13/2/2020,FEB 20,S31,SUR,"378136,6875",6469289,PRIMARIA,AdM-GR,0,0,0,0,0,SIOSEL_ARBUSTAL,10,0,0,0,0,0,S31,3
4/2/2021,FEB 21,S31,SUR,"378136,6875",6469289,PRIMARIA,AdM - FS - RD,0,0,0,0,0,SIOSEL_ARBUSTAL,20,0,0,0,0,0,S31,7
10/8/2022,AGO 22,S31,SUR,"378136,6875",6469289,PRIMARIA,NM-RD,1,0,2,0,0,SIOSEL_ARBUSTAL,10,2,1,0,1,0,S31,7
18/2/2022,FEB 22,S32,SUR,"379246,6875",6469154,PRIMARIA,MP-AdM,1,0,0,8,"2,20099997520447",SIOSEL_ARBUSTAL,10,8,1,1,0,0,S32,2
10/8/2022,AGO 22,S32,SUR,"379246,6875",6469154,PRIMARIA,AdM-ER,1,1,5,4,"0,47299998998642",SIOSEL_ARBUSTAL,20,10,1,1,1,1,S32,3
10/8/2021,AGO 21,S32,SUR,"379246,6875",6469154,PRIMARIA,GN-CS-NM-PAF,1,2,3,3,"0,254999995231628",SIOSEL_ARBUSTAL,10,8,1,1,1,1,S32,3
13/2/2020,FEB 20,S32,SUR,"379246,6875",6469154,PRIMARIA,AdM-GR,0,0,0,0,0,SIOSEL_ARBUSTAL,10,0,0,0,0,0,S32,3
7/2/2021,FEB 21,S32,SUR,"379246,6875",6469154,PRIMARIA,AdM - FS - VL,1,0,0,5,"1,49500000476837",SIOSEL_ARBUSTAL,10,5,1,1,0,0,S32,7
15/2/2020,FEB 20,S33,SUR,"384751,6875",6469154,PRIMARIA,AdM-GR,1,0,1,0,0,BOSQUE_PASTIZAL,1,1,1,0,1,0,S33,2
19/2/2022,FEB 22,S33,SUR,"384751,6875",6469154,PRIMARIA,NM-NP-GN,1,4,0,1,"0,162000000476837",BOSQUE_PASTIZAL,70,5,1,1,0,1,S33,7
7/8/2021,AGO 21,S33,SUR,"384751,6875",6469154,PRIMARIA,AT-PAF-BD,1,10,50,1,"0,100000001490116",BOSQUE_PASTIZAL,5,61,1,1,1,1,S33,7
5/2/2021,FEB 21,S33,SUR,"384751,6875",6469154,PRIMARIA,AT - BD - NM,1,0,0,5,"0,0759999975562096",BOSQUE_PASTIZAL,5,5,1,1,0,0,S33,7
11/8/2022,AGO 22,S33,SUR,"384751,6875",6469154,PRIMARIA,NM-RD,1,2,14,5,"0,439999997615814",BOSQUE_PASTIZAL,5,21,1,1,1,1,S33,7
15/2/2020,FEB 20,S33A,SUR,"384751,6875",6469169,SECUNDARIA,AdM-GR,1,0,0,1,"0,379999995231628",BOSQUE_PASTIZAL,5,1,1,1,0,0,S33A,5
15/2/2020,FEB 20,S33B,SUR,"384766,6875",6469154,SECUNDARIA,GN-AF-SS,1,0,0,2,"0,800000011920929",SIOSEL_PASTIZAL,0,2,1,1,0,0,S33B,6
15/2/2020,FEB 20,S33C,SUR,"384751,6875",6469139,SECUNDARIA,AdM-GR,1,0,0,4,"2,04999995231628",BOSQUE_PASTIZAL,10,4,1,1,0,0,S33C,5
15/2/2020,FEB 20,S33D,SUR,"384736,6875",6469154,SECUNDARIA,GN-AF-SS,0,0,0,0,0,SIOSEL_PASTIZAL,10,0,0,0,0,0,S33D,6
15/2/2020,FEB 20,S33E,SUR,"384766,6875",6469139,SECUNDARIA,AdM-GR,1,0,0,1,"0,143999993801117",BOSQUE_PASTIZAL,15,1,1,1,0,0,S33E,2
15/2/2020,FEB 20,S33F,SUR,"384736,6875",6469139,SECUNDARIA,AdM-GR,1,2,0,0,0,BOSQUE_PASTIZAL,1,2,1,0,0,1,S33F,5
15/2/2020,FEB 20,S33G,SUR,"384766,6875",6469169,SECUNDARIA,GN-AF-SS,1,0,0,3,"1,54999995231628",SIOSEL_PASTIZAL,25,3,1,1,0,0,S33G,5
15/2/2020,FEB 20,S33H,SUR,"384736,6875",6469169,SECUNDARIA,GN-AF-SS,1,1,0,1,"0,515999972820282",SIOSEL_PASTIZAL,2,2,1,1,0,1,S33H,6
18/2/2022,FEB 22,S34,SUR,"376606,6875",6469019,PRIMARIA,AF-RD-SRV,1,0,1,0,0,SIOSEL_PASTIZAL,15,1,1,0,1,0,S34,2
10/8/2021,AGO 21,S34,SUR,"376606,6875",6469019,PRIMARIA,AT-PAF,1,3,3,1,"0,00700000021606684",SIOSEL_PASTIZAL,20,7,1,1,1,1,S34,2
10/8/2022,AGO 22,S34,SUR,"376606,6875",6469019,PRIMARIA,AT-SM,1,0,2,2,"0,025000000372529",SIOSEL_PASTIZAL,40,4,1,1,1,0,S34,2
7/2/2021,FEB 21,S34,SUR,"376606,6875",6469019,PRIMARIA,AT - NM,1,0,7,0,0,SIOSEL_PASTIZAL,5,7,1,0,1,0,S34,2
13/2/2020,FEB 20,S34,SUR,"376606,6875",6469019,PRIMARIA,GN-AF-SS,0,0,0,0,0,SIOSEL_PASTIZAL,1,0,0,0,0,0,S34,2
13/2/2020,FEB 20,S35,SUR,"376981,6875",6468719,PRIMARIA,GN-AF-SS,0,0,0,0,0,SIOSEL_ARBUSTAL,1,0,0,0,0,0,S35,7
10/8/2021,AGO 21,S35,SUR,"376981,6875",6468719,PRIMARIA,GN-CS-NM,1,4,0,2,"0,944999992847443",SIOSEL_ARBUSTAL,5,6,1,1,0,1,S35,7
10/8/2022,AGO 22,S35,SUR,"376981,6875",6468719,PRIMARIA,AT-SM,1,0,6,0,0,SIOSEL_ARBUSTAL,5,6,1,0,1,0,S35,7
18/2/2022,FEB 22,S35,SUR,"376981,6875",6468719,PRIMARIA,NM-NP-GN,0,0,0,0,0,SIOSEL_ARBUSTAL,5,0,0,0,0,0,S35,7
7/2/2021,FEB 21,S35,SUR,"376981,6875",6468719,PRIMARIA,GN - RD,0,0,0,0,0,SIOSEL_ARBUSTAL,1,0,0,0,0,0,S35,7
7/8/2021,AGO 21,S36,SUR,"385861,6875",6468494,PRIMARIA,AdM-SS-JA,1,0,19,60,"5,68400001525879",SIOSEL_PASTIZAL,,79,1,1,1,0,S36,2
5/2/2021,FEB 21,S36,SUR,"385861,6875",6468494,PRIMARIA,AT - BD - NM,1,0,1,20,"0,485000014305115",SIOSEL_PASTIZAL,40,21,1,1,1,0,S36,2
15/2/2020,FEB 20,S36,SUR,"385861,6875",6468494,PRIMARIA,AdM-GR,1,0,0,3,"2,02800011634827",SIOSEL_PASTIZAL,90,3,1,1,0,0,S36,2
11/8/2022,AGO 22,S36,SUR,"385861,6875",6468494,PRIMARIA,AdM_ER,1,0,18,6,"0,104999996721745",SIOSEL_PASTIZAL,50,24,1,1,1,0,S36,4
19/2/2022,FEB 22,S36,SUR,"385861,6875",6468494,PRIMARIA,AdM-MP,1,0,3,0,0,SIOSEL_PASTIZAL,30,3,1,0,1,0,S36,7
15/2/2020,FEB 20,S36A,SUR,"385861,6875",6468509,SECUNDARIA,AdM-GR,1,0,0,1,"0,575999975204468",SIOSEL_SUELODESNUDO,90,1,1,1,0,0,S36A,2
15/2/2020,FEB 20,S36B,SUR,"385876,6875",6468494,SECUNDARIA,AdM-GR,1,0,0,13,"24,4589996337891",SIOSEL_SUELODESNUDO,80,13,1,1,0,0,S36B,2
15/2/2020,FEB 20,S36C,SUR,"385861,6875",6468479,SECUNDARIA,AdM-GR,1,1,1,7,"7,21000003814697",BOSQUE_SUELODESNUDO,30,9,1,1,1,1,S36C,5
15/2/2020,FEB 20,S36D,SUR,"385846,6875",6468494,SECUNDARIA,AdM-GR,1,3,0,3,"4,76999998092651",BOSQUE_SUELODESNUDO,50,6,1,1,0,1,S36D,5
15/2/2020,FEB 20,S36E,SUR,"385861,6875",6468524,SECUNDARIA,AdM-GR,1,0,2,1,"0,0750000029802322",BOSQUE_SUELODESNUDO,40,3,1,1,1,0,S36E,
15/2/2020,FEB 20,S36F,SUR,"385876,6875",6468509,SECUNDARIA,AdM-GR,1,0,0,7,"6,92899990081787",BOSQUE_SUELODESNUDO,50,7,1,1,0,0,S36F,2
15/2/2020,FEB 20,S36G,SUR,"385846,6875",6468509,SECUNDARIA,AdM-GR,0,0,0,0,0,SIOSEL_SUELODESNUDO,90,0,0,0,0,0,S36G,2
15/2/2020,FEB 20,S36H,SUR,"385891,6875",6468494,SECUNDARIA,AdM-GR,1,0,0,5,"1,49300003051758",SIOSEL_SUELODESNUDO,90,5,1,1,0,0,S36H,2
15/2/2020,FEB 20,S36I,SUR,"385846,6875",6468479,SECUNDARIA,AdM-GR,0,0,0,0,0,BOSQUE_SUELODESNUDO,20,0,0,0,0,0,S36I,5
15/2/2020,FEB 20,S36J,SUR,"385876,6875",6468479,SECUNDARIA,AdM-GR,0,0,0,0,0,BOSQUE_SUELODESNUDO,,0,0,0,0,0,S36J,5
15/2/2020,FEB 20,S36L,SUR,"385891,6875",6468509,SECUNDARIA,AdM-GR,1,0,0,3,"4,50299978256226",BOSQUE_SUELODESNUDO,70,3,1,1,0,0,S36L,2
15/2/2020,FEB 20,S37,SUR,"385441,6875",6467909,PRIMARIA,GN-AF-SS,0,0,0,0,0,PALMARBOSQUE_PASTIZAL,0,0,0,0,0,0,S37,7
5/2/2021,FEB 21,S37,SUR,"385441,6875",6467909,PRIMARIA,GN - BH - VL,1,2,0,0,0,PALMARBOSQUE_PASTIZAL,45,2,1,0,0,1,S37,7
7/8/2021,AGO 21,S37,SUR,"385441,6875",6467909,PRIMARIA,GN-CS-NM,1,5,1,4,"2,31500005722046",PALMARBOSQUE_PASTIZAL,5,10,1,1,1,1,S37,7
11/8/2022,AGO 22,S37,SUR,"385441,6875",6467909,PRIMARIA,NM-RD,1,0,40,9,"0,836000025272369",PALMARBOSQUE_PASTIZAL,5,49,1,1,1,0,S37,7
19/2/2022,FEB 22,S37,SUR,"385441,6875",6467909,PRIMARIA,NM-NP-GN,0,0,0,0,0,PALMARBOSQUE_PASTIZAL,0,0,0,0,0,0,S37,7
11/8/2022,AGO 22,S38,SUR,"383521,6875",6467774,PRIMARIA,NM-RD,0,0,0,0,0,SIOSEL_PASTIZAL,95,0,0,0,0,0,S38,4
5/2/2021,FEB 21,S38,SUR,"383521,6875",6467774,PRIMARIA,GN - BH - VL,0,0,0,0,0,SIOSEL_PASTIZAL,90,0,0,0,0,0,S38,4
7/8/2021,AGO 21,S38,SUR,"383521,6875",6467774,PRIMARIA,AT-PAF-BD,1,0,1,2,"0,0949999988079071",SIOSEL_PASTIZAL,70,3,1,1,1,0,S38,4
19/2/2022,FEB 22,S38,SUR,"383521,6875",6467774,PRIMARIA,NM-NP-GN,0,0,0,0,0,SIOSEL_PASTIZAL,95,0,0,0,0,0,S38,4
18/2/2020,FEB 20,S38,SUR,"383521,6875",6467774,PRIMARIA,AdM-GR-AF-SS,0,0,0,0,0,SIOSEL_PASTIZAL,70,0,0,0,0,0,S38,4
7/8/2021,AGO 21,S39,SUR,"385336,6875",6467489,PRIMARIA,GN-CS-NM,0,0,0,0,0,SIOSEL_ARBUSTAL,0,0,0,0,0,0,S39,2
5/2/2021,FEB 21,S39,SUR,"385336,6875",6467489,PRIMARIA,GN - BH - VL,0,0,0,0,0,SIOSEL_ARBUSTAL,5,0,0,0,0,0,S39,2
15/2/2020,FEB 20,S39,SUR,"385336,6875",6467489,PRIMARIA,GN-AF-SS,0,0,0,0,0,SIOSEL_ARBUSTAL,1,0,0,0,0,0,S39,7
11/8/2022,AGO 22,S39,SUR,"385336,6875",6467489,PRIMARIA,NM-RD,1,0,0,2,"0,167999997735024",SIOSEL_ARBUSTAL,,2,1,1,0,0,S39,7
19/2/2022,FEB 22,S39,SUR,"385336,6875",6467489,PRIMARIA,NM-NP-GN,0,0,0,0,0,SIOSEL_ARBUSTAL,0,0,0,0,0,0,S39,7
7/8/2021,AGO 21,S40,SUR,"386206,6875",6467324,PRIMARIA,AT-PAF-BD,1,0,61,0,0,BOSQUE_SUELODESNUDO,65,61,1,0,1,0,S40,2
19/2/2022,FEB 22,S40,SUR,"386206,6875",6467324,PRIMARIA,AF-RD-SRV,0,0,0,0,0,BOSQUE_SUELODESNUDO,40,0,0,0,0,0,S40,2
11/8/2022,AGO 22,S40,SUR,"386206,6875",6467324,PRIMARIA,AT-SM,1,0,1,9,"0,184000000357628",BOSQUE_SUELODESNUDO,5,10,1,1,1,0,S40,3
15/2/2020,FEB 20,S40,SUR,"386206,6875",6467324,PRIMARIA,GN-AF-SS,0,0,0,0,0,BOSQUE_SUELODESNUDO,85,0,0,0,0,0,S40,3
5/2/2021,FEB 21,S40,SUR,"386206,6875",6467324,PRIMARIA,AdM - FS - RD,1,3,0,0,0,BOSQUE_SUELODESNUDO,90,3,1,0,0,1,S40,7
